"name","address","zip_code","type","irs_name","asset_amt","revenue_amt","administrator","phonenumber","mission_aligned"
"Miracosta College - Oceanside Campus","1 Barnard Dr","92056.0","HigherEducationFacility","MIRA COSTA COLLEGE FOUNDATION",23343533.0,2830726.0,NULL,NULL,0
"Santa Margarita","1 Carnes Road","92058.0","School","PTA CALIFORNIA CONGRESS OF PARENTS TEACHERS & STUDENTS INC",0.0,0.0,NULL,NULL,0
"SAN MARCOS UNIFIED DISTRICT OFFICE","1 Civic Center Drive","92069.0","GovernmentFacility","SAN MARCOS COMMUNITY FOUNDATION",1407850.0,79939.0,NULL,NULL,0
"Legoland California","1 Legoland Dr","92008.0","MajorEmployer","MERLINS MAGIC WAND FOUNDATION",1032812.0,398879.0,NULL,NULL,0
"La Costa Canyon","1 Maverick Way","92009.0","School","LA COSTA CANYON HIGH SCHOOL FOUNDATION INC",1105044.0,1474899.0,NULL,NULL,0
"Boys and Girls Club","1 Positive Pl","92069.0","CommunityCenter","BOYS & GIRLS CLUB OF SAN MARCOS",5620441.0,5631170.0,NULL,NULL,1
"San Marcos","1 Tiger Way","92069.0","School","SAN MARCOS ELEMENTARY PTO",36773.0,62663.0,NULL,NULL,0
"EL CAJON FIRE DEPT  ","100 E Lexington Ave",NULL,"PUBLIC AGENCY","EL CAJON PROFESSIONAL FIREFIGHTERS FOUNDATION",0.0,0.0,NULL,NULL,0
"COLLIER SHERRY MFT DBA COLLIER CENTER FOR CREATIVE THERAPY","100 E San Marcos Blvd",NULL,"MISC PROFESSIONAL","DORIS A HOWELL FOUNDATION FOR WOMENS HEALTH RESEARCH INC",376150.0,182538.0,NULL,NULL,0
"Petco Park","100 Park Blvd","92101.0","RecreationalFacility","PADRES FOUNDATION",9216556.0,4440958.0,NULL,NULL,0
"Stuart Mesa","100 Yamanaka Way","92058.0","School","STUART MESA ELEMENTARY SCHOOL PARENT TEACHER ORGANIZATION",9662.0,29587.0,NULL,NULL,0
"VISTA COMMUNITY CLINIC","1000 Vale Terrace Dr","92084.0","Community Clinic","VISTA COMMUNITY CLINIC",123380232.0,128762405.0,NULL,NULL,1
"Turning Point for God","10007 Riverford Rd","92040.0","ReligiousStructure_C","TURNING POINT MINISTRIES FOUNDATION",629169.0,-33866.0,NULL,NULL,0
"SALK INSTITUTE FOR BIOLOGICAL STUDIES SAN DIEGO CA ","10010 N Torrey Pines Rd",NULL,"MISCELLANEOUS ASSOC","SALK INSTITUTE FOR BIOLOGICAL STUDIES",822778011.0,161166470.0,"C/O ACCOUNTING",NULL,0
"PALOMAR FAMILY COUNSELING SERVICES INC ","1002 E Grand Ave",NULL,"MISCELLANEOUS ASSOC","PALOMAR FAMILY COUNSELING SERVICE INC",2821293.0,5690320.0,NULL,NULL,0
"GASPAR PHYSICAL THERAPY APC GASPAR DOCTORS OF PHYSICAL THERAPY","1004 N El Camino Real",NULL,"DOCTOR/OSTEOPA/CHIRO","INDEPENDENT PHYSICAL THERAPISTS OF CALIFORNIA",13747.0,35200.0,NULL,NULL,0
"ELIZABETH HOSPICE INC  ","1005 S Escondido Blvd",NULL,"MISCELLANEOUS AGENCY","ST VINCENT DE PAUL OF ESCONDIDO INC",46289.0,199905.0,NULL,NULL,0
"SAY - JERABEK EXTENDED DAY PROGRAM","10050 Avenida Magnifica","92131.0","ChildDayCare","JERABEK ELEMENTARY FAMILY FACULTYORGANIZATION INC",434004.0,276384.0,NULL,NULL,0
"Athenaeum Library","1008 Wall St","92037.0","Library","LIBRARY ASSOCIATION OF LA JOLLA",9129391.0,2289072.0,NULL,NULL,0
"MCGRATH RENTCORP DBA MOBILE MODULAR MANAGEMENT CORPORATION","101 S Rancho Santa Fe Rd",NULL,"EXEMPT LESSOR","ENCINITAS EDUCATIONAL FOUNDATION",1105138.0,1192375.0,NULL,NULL,0
"San Diego Yacht Club","1011 Anchorage Ln","92106.0","RecreationalFacility","SAN DIEGO YACHT CLUB",21915668.0,9191749.0,NULL,NULL,0
"INSTITUTE OF THE AMERICAS  ","10111 N Torrey Pines Rd",NULL,"MISCELLANEOUS ASSOC","INSTITUTE OF THE AMERICAS",15196983.0,1715836.0,NULL,NULL,0
"YWCA of San Diego County","1012 C St","92101.0","Motel","YWCA OF SAN DIEGO COUNTY",15388912.0,2611613.0,NULL,NULL,0
"LITERACY FIRST CHARTER SCHOOL JUNIOR ACADEMY LITERACY FIRST CHARTER SCHOOLS","1012 E Bradley Ave",NULL,"MISC SCHOOL","LFCS PARENT TEAM LEADER COUNCIL",0.0,0.0,"C/O STEVE ROBINSON",NULL,0
"GERMAN AMERICAN SOCIETIES OF SAN DIEGO INC ","1017 S Mollison Ave",NULL,"CLUBS - SOCIAL/SERVI","GERMAN AMERICAN SOCIETIES OF SAN DIEGO",1605013.0,552097.0,NULL,NULL,0
"PASCAT PHILIPPINE PERFORMING ARTS CO ","102 E 16Th St",NULL,"MISC PROFESSIONAL","PASACAT INC",403981.0,159524.0,NULL,NULL,0
"College Prep","10269 Madrid Way","91977.0","School","PTA CALIFORNIA CONGRESS OF PARENTS TEACHERS & STUDENTS INC",0.0,0.0,NULL,NULL,0
"LINCOLN SCHOOL  ","1029 N Broadway",NULL,"PUBLIC AGENCY","PTA CALIFORNIA CONGRESS OF PARENTS TEACHERS & STUDENTS INC",0.0,0.0,NULL,NULL,0
"LSI HOLDINGS LLC DBA CAFE DES ARTISTES ","103 S Main Ave",NULL,"CAFE-FAST FOOD","FALLBROOK CENTER FOR THE ARTS INC",1713006.0,518929.0,NULL,NULL,0
"LOBSTER WEST  INC.","1033 B Ave","92122.0","Liquor","CHABAD OF CORONADO",4625149.0,1136318.0,NULL,NULL,0
"EL CAJON VALLEY HIGH CAJON VALLEY UNION SCHOOL DISTRICT ","1035 E Madison Ave",NULL,"PUBLIC AGENCY","PTA CALIFORNIA CONGRESS OF PARENTS TEACHERS & STUDENTS INC",0.0,0.0,NULL,NULL,0
"GARY&MARY WEST CHARITABLE TRUST DBA GARY&MARY WEST FOUNDATION","10350 N Torrey Pines Rd",NULL,"MISC PROFESSIONAL","GARY AND MARY WEST CHARITABLE TRUST",411230787.0,NULL,NULL,NULL,0
"FBI","10385 Vista Sorrento Pkwy","92121.0","PoliceStation","THE FEDERAL BUREAU OF INVESTIGATION RECREATION ASSOCIATION",50383.0,-1271.0,NULL,NULL,0
"JPLT WINE GROUP LLC","1040 Muirlands Dr","92037.0","Liquor","FEDERATION OF TEXAS A M UNIV MOTHERS CLUB",0.0,0.0,NULL,NULL,0
"LAT","1041 Market Street Suite 165","92101.0","School","GB SOCIAL INC",0.0,0.0,NULL,NULL,0
"Scripps Ranch","10410 Falcon Way","92131.0","School","PARENT BOOSTER USA INC",0.0,0.0,NULL,NULL,0
"Alliant International University","10455 Pomerado Rd","92131.0","HigherEducationFacility","ALLIANT EDUCATIONAL FOUNDATION",57822611.0,3231907.0,NULL,NULL,0
"Mira Mesa","10510 Marauder Way","92126.0","School","MIRA MESA HIGH SCHOOL ALUMNI ASSOCIATION",0.0,0.0,NULL,NULL,0
"Kid Ventures","10760 Thornmint Rd","92127.0","AmusementPark","AMAZING GRACE INSTITUTE",0.0,0.0,NULL,NULL,0
"Rodriguez Mountain Camp","10785 Pomerado Rd","92082.0","Camp","ASCENT 613",1.0,0.0,NULL,NULL,0
"PANDA EXPRESS INC DBA PANDA EXPRESS #500 ","1084 N El Camino Real",NULL,"CAFE-FAST FOOD","HEALING FIELD",0.0,0.0,"C/O RYAN LLC-ATTN TAX COMPL",NULL,0
"Unisys Building","10850 Via Frontera","92127.0","Building","PETCO ANIMAL SUPPLIES STORES INC GROUP BENEFIT PLAN AND TRUST",18738392.0,190983596.0,NULL,NULL,0
"PROMISING FUTURES INC  ","109 E Lexington Ave",NULL,"MISCELLANEOUS ASSOC","PROMISING FUTURES INC",3110525.0,3295620.0,"ATTN GINA PARRA",NULL,0
"Super Star #2 - Oil Net, Inc.","1090 Broadway","92021.0","Gas","RISE UP ASSOCIATION",45965.0,0.0,NULL,NULL,0
"RASSELBANDE PRESCHOOL LLC DBA RASSELBANDE PRESCHOOL ","1090 S Anza St",NULL,"PRE-SCHOOL/CHILDCARE","DIE RASSELBANDE PRESCHOOL INC",367873.0,452196.0,NULL,NULL,0
"SANFORD BURNHAM PREBYS MEDICAL DISCOVERY INSTITUTE C/O FINANCE DEPARTMENT","10901 N Torrey Pines Rd",NULL,"BIO-MED R&D","SANFORD BURNHAM PREBYS MEDICAL DISCOVERY INSTITUTE",326353986.0,123272481.0,"ATTN MAX PANCER",NULL,0
"Calvary Chapel of Santee","10920 Summit Ave","92071.0","ReligiousStructure_C","CALVARY CHAPEL SANTEE FOUNDATION",0.0,0.0,NULL,NULL,0
"Trade Services Publications","10996 Torreyana Rd","92121.0","OfficeBuilding","GENERATION STEAM",771136.0,1546778.0,NULL,NULL,0
"Ivey Ranch Park","110 Rancho Del Oro Dr","92057.0","Park","OCEANSIDE IVEY RANCH PARK ASSOCIATION",1470673.0,1501964.0,NULL,NULL,0
"GUMARO ESCARCEGA&PLATA FABIOLA DBA EMBROIDERY IMAGE ","110 S Citrus Ave",NULL,"SILK SCREENING","BACKFENCE SOCIETY INC",0.0,0.0,NULL,NULL,0
"Discovery Charter","1100 Camino Biscay","91910.0","School","DISCOVERY CHARTER SCHOOL PTC",93952.0,105321.0,NULL,NULL,0
"Pacific Rim","1100 Camino De Las Ondas","92009.0","School","PTA CALIFORNIA CONGRESS OF PARENTS TEACHERS & STUDENTS INC",81021.0,260064.0,NULL,NULL,0
"Park & Market","1100 Market St","92101","College/University","MEDIA ARTS CENTER SAN DIEGO",1341708.0,1868674.0,NULL,NULL,0
"GROSSMONT UNION HIGH DISTRICT OFFIC","1100 Murray Dr","92020.0","GovernmentFacility","PTA CALIFORNIA CONGRESS OF PARENTS TEACHERS & STUDENTS INC",0.0,0.0,NULL,NULL,0
"Coronado Museum of History and Art","1100 Orange Ave","92118.0","Museum","CORONADO HISTORICAL ASSOCIATION",8550670.0,841826.0,NULL,NULL,0
"Lingua Natal","1104 Garden View Rd","92024.0","School","LINGUA NATAL SCHOOLS",1.0,0.0,NULL,NULL,0
"FALLBROOK CHAMBER OF COMMERCE  ","111 S Main Ave",NULL,"PUBLIC AGENCY","FALLBROOK CHAMBER OF COMMERCE",643170.0,631759.0,NULL,NULL,0
"Breeze Hill","1111 Melrose Way","92083.0","School","PTA CALIFORNIA CONGRESS OF PARENTS TEACHERS & STUDENTS INC",19039.0,55642.0,NULL,NULL,0
"Zlac Rowing Club","1111 Pacific Beach Dr","92109.0","RecreationalFacility","ZLAC ROWING CLUB LTD",798760.0,338053.0,NULL,NULL,0
"RED EFFECT FITNESS  ","11130 E Ocean Air Dr",NULL,"FITNESS CENTER","ENSEMBLE PRO ASSOCIATION",0.0,0.0,NULL,NULL,0
"Sandburg","11230 Avenida Del Gato","92126.0","School","SANDBURG ELEMENTARY SCHOOLFOUNDATION",116113.0,146065.0,NULL,NULL,0
"Carmel Mountain Postal Store","11251 Rancho Carmel Drive","92128.0","PostOffice","UNDERSTAND THE GRIND",0.0,0.0,NULL,NULL,0
"WILLSON SHIPPING INC DBA POSTAL ANNEX #2009 ","113 W G St",NULL,"MAILBOX CENTER","FRIENDS OF DOWNTOWN INC",17984.0,48336.0,"C/O TYLER WILLSON",NULL,0
"EAGLES LODGE AERIE 2712","1131 Roosevelt Ave","91950.0","Liquor","FRATERNAL ORDER OF EAGLES",3313.0,38358.0,NULL,NULL,0
"BATH VETERINARY ENTERPRISES DBA VISTA VETERINARY HOSPITAL INC","1139 S Santa Fe Ave",NULL,"DOCTOR/OSTEOPA/CHIRO","SAN DIEGO YOUTH SIKH SOCIETY",3455.0,6784.0,NULL,NULL,0
"COAST LAW GROUP LLP DBA CLG ","1140 S Coast Hwy 101",NULL,"RADIO/TV/COMPUTERS","COASTAL ENVIRONMENTAL RIGHTS FOUNDATION",314022.0,30350.0,"C/O DIANA KOVACS",NULL,0
"PALOMAR COMMUNITY COLLEGE DISTRICT ","1140 W Mission Rd",NULL,"PUBLIC AGENCY","PALOMAR COLLEGE FOUNDATION",29974397.0,1856961.0,NULL,NULL,1
"LAMB'S PLAYERS THEATRE","1142 Orange Ave","92122.0","Liquor","LAMBS PLAYERS THEATRE",1857084.0,3327941.0,NULL,NULL,0
"Fahari L. Jeffers","1145 Camino Prado","91913.0","School","PTA CALIFORNIA CONGRESS OF PARENTS TEACHERS & STUDENTS INC",18187.0,42977.0,NULL,NULL,0
"Eldorado Church of God","115 S Clementine St","92054.0","ReligiousStructure_C","ELDORADO CHURCH OF GOD HOMES INC",1058806.0,1023460.0,NULL,NULL,0
"Rancho San Diego Branch","11555 Via Rancho San Diego","92019.0","Library","FRIENDS OF THE RANCHO SAN DIEGO LIBRARY INC",0.0,0.0,NULL,NULL,0
"TGU CITY OF ESCONDIDO LLC  ","1163 N Centre City Pkwy",NULL,"ELECTRICITY GENERATI","ESCONDIDO POLICE OFFICERS CARE FOUNDATION",218471.0,173235.0,"C/O ARMANINO LLP",NULL,0
"VFW POST 1924","1175 Old Stage Rd","92028.0","Liquor","VETERANS OF FOREIGN WARS DEPARTMENT OF CALIFORNIA",182385.0,123662.0,NULL,NULL,0
"DREAM","11838 Valle Vista Rd","92040.0","School","PTA CALIFORNIA CONGRESS OF PARENTS TEACHERS & STUDENTS INC",0.0,0.0,NULL,NULL,0
"San Diego Jewish Academy","11860 Carmel Creek Rd","92130.0","ReligiousStructure_J","SAN DIEGO JEWISH ACADEMY",66970702.0,30468597.0,NULL,NULL,0
"ALPHA INVESTMENTS INC","11905 Riverside Dr","92040.0","Liquor","THE ZATHAS FOUNDATION",91418.0,NULL,NULL,NULL,0
"San Diego Rescue Missiom","120 Elm St","92101-2602","Multifamily Housing","SAN DIEGO RESCUE MISSION INC",47400081.0,25286002.0,NULL,NULL,0
"Nancy Jane Park","120 N Park Dr","92021.0","Park","EARTH DISCOVERY INSTITUTE",252235.0,769296.0,NULL,NULL,0
"SIDES CLAY R ATTY  ","120 S Main Ave",NULL,"ACCOUNTANT","PHYLLIS SWEENEY ENCOURAGEMENT FACTOR",0.0,0.0,NULL,NULL,0
"CLEARPOINT NEURO INC  ","120 S Sierra Ave",NULL,"MISC PROFESSIONAL","BRUTTEN FAMILY FOUNDATION",348482.0,NULL,NULL,NULL,0
"CITY OF CARLSBAD-ADMINISTRATION","1200 Carlsbad Village Dr","92008.0","GovernmentFacility","CITY OF CARLSBAD PUBLIC IMPROVEMENT CORPORATION",0.0,0.0,NULL,NULL,0
"National City Police","1200 National City Blvd","91950.0","PoliceStation","NATIONAL CITY POLICE DEPARTMENT EXPLORERS POST 2859",0.0,0.0,NULL,NULL,0
"ESCONDIDO ART ASSOCIATION  ","121 W Grand Ave",NULL,"ART DEALERS","ESCONDIDO ART ASSOCIATION",0.0,0.0,NULL,NULL,0
"River View Park","12108 Industry Rd","92040.0","Park","LAKESIDES RIVER PARK CONSERVANCY",12548776.0,1820155.0,NULL,NULL,0
"MISSION HILLS COMMUNITY PRE-SCHOOL ","1211 W Lewis St",NULL,"MISC SCHOOL","MISSION HILLS COMMUNITY PRESCHOOL",176188.0,442108.0,NULL,NULL,1
"MISSION BAY YACHT CLUB INC","1215 El Carmel Pl","92109.0","Liquor","MISSION BAY YACHT CLUB",3675106.0,4271106.0,NULL,NULL,0
"Rancho San Diego","12151 Calle Albara","92019.0","School","PTA CALIFORNIA CONGRESS OF PARENTS TEACHERS & STUDENTS INC",74664.0,41814.0,NULL,NULL,0
"RNN INTERNATIONAL INC","12265 Scripps Poway Pkwy","92064.0","Liquor","AMERICAS THAI CHAMBER OF COMMERCE",1.0,5000.0,NULL,NULL,0
"CRISTO REY SAN DIEGO HIGH INC  ","1228 S 38Th St",NULL,"MISC SCHOOL","CRISTO REY SAN DIEGO HIGH SCHOOL INC",1412132.0,5031417.0,NULL,NULL,0
"RANCHO BERNARDO GOLF CLUB","12280 Greens East Rd","92128.0","Liquor","RANCHO BERNARDO GOLF CLUB",7813007.0,5954434.0,NULL,NULL,0
"VFW SILVER STRAND POST 5477","123 Palm Ave","91932.0","Liquor","VETERANS OF FOREIGN WARS OF THE UNITED STATES AUXILIARY",0.0,0.0,NULL,NULL,0
"2 Columbia Place","1230 Columbia St","92101-8571","Office","WAKELAND HOUSING AND DEVELOPMENT CORPORATION",109294993.0,22912128.0,NULL,NULL,0
"Girl Scouts","1231 Upas St","92101.0","RecreationalFacility","GIRL SCOUTS SAN DIEGO-IMPERIAL COUNCIL INC",30736476.0,13628018.0,NULL,NULL,0
"Meadowbrook Gymnasium","12320 Meadowbrook Ln","92064.0","RecreationalFacility","PTA CALIFORNIA CONGRESS OF PARENTS TEACHERS & STUDENTS INC",0.0,0.0,NULL,NULL,0
"Lakeside Union School District Office","12335 Woodside Ave","92040.0","GovernmentFacility","CALIFORNIA TEACHERS ASSOCIATION",103308.0,96766.0,NULL,NULL,0
"Vista Unified School District Office","1234 Arcadia Ave","92084.0","GovernmentFacility","VISTA FOUNDATION FOR INNOVATIVE LEARNING",25.0,0.0,NULL,NULL,0
"ALVIN MYO DUNN POST NO 365 INC  ","1234 S Santa Fe Ave",NULL,"CLUBS - SOCIAL/SERVI","AMERICAN LEGION",8640.0,172556.0,"ATTN TERESA MOORE",NULL,0
"VFW LT FRED LEWIS KENT POST 7907","12342 Old Pomerado Rd","92064.0","Liquor","VETERANS OF FOREIGN WARS DEPARTMENT OF CALIFORNIA",203113.0,118351.0,NULL,NULL,0
"Poway Sportsplex ","12349 Mcivers Ct","92064.0","Park","SPORTSPLEX USA FOUNDATION INC",0.0,0.0,NULL,NULL,0
"Canyonside Rec Center","12350 Black Mountain Rd","92126.0","RecreationalFacility","RANCHO PENASQUITOS TENNIS ASSOCIATION INC",515713.0,1585584.0,NULL,NULL,0
"SURJE COFFE CO  ","124 E Main St",NULL,"CAFE","THE EAST COUNTY ART ASSOCIATION",1890.0,105403.0,NULL,NULL,0
"New School of Architecture and Design","1249 F St","92101.0","HigherEducationFacility","H2H FOUNDATION",1.0,NULL,NULL,NULL,0
"Mill's Building","1255 Imperial Ave","92101-7493","Commercial","CHILDREN IN NEED INC",0.0,0.0,NULL,NULL,0
"RSF VINES LLC","12625 High Bluff Dr Ste 315","92130.0","Liquor","NARROW GATE A CHARITABLE FOUNDATION",777.0,NULL,NULL,NULL,0
"VFW POST 5867","12650 Lindo Ln","92040.0","Liquor","CARTER-SMITH POST 5867 VETERANS OF FOREIGN WARS",330388.0,181805.0,NULL,NULL,0
"AMERICAN LEGION POST 820","1268 Palm Ave","91932.0","Liquor","AMERICAN LEGION",347346.0,218960.0,NULL,NULL,0
"BALANCED LIFE THERAPY CENTER  ","127 E Lexington Ave",NULL,"DOCTOR/OSTEOPA/CHIRO","EAST COUNTY ECONOMIC DEVELOPMENT COUNCIL FOUNDATION",6731.0,360303.0,NULL,NULL,0
"JC RESORTS LLC","1275 Quail Gardens Dr","92024.0","Liquor","ENCINITAS RANCH GOLF COURSE MENS CLUB INC",93510.0,130886.0,NULL,NULL,0
"Bernardo Heights","12990 Paseo Lucido","92128.0","School","PARENT BOOSTER USA INC",39133.0,117172.0,NULL,NULL,0
"Heartland Fire Training Center","1301 N Marshall Ave","92020.0","HigherEducationFacility","HEARTLAND REGIONAL FIRE TRAINING FOUNDATION",0.0,0.0,NULL,NULL,0
"Rancho Bernardo","13010 Paseo Lucido","92128.0","School","RANCHO BERNARDO HIGH SCHOOL FRIENDS OF THE LIBRARY",0.0,0.0,NULL,NULL,0
"Ashley Falls Park","13030 Ashley Falls Dr","92130.0","Park","PTA CALIFORNIA CONGRESS OF PARENTS TEACHERS & STUDENTS INC",58746.0,67301.0,NULL,NULL,0
"Poway Dog Park","13094 Civic Center Dr","92064.0","Park","POWAY VALLEY SENIOR CITIZENS CORP",1101714.0,707846.0,NULL,NULL,0
"San Diego City College","1313 Park Blvd","92101.0","HigherEducationFacility","SAN DIEGO CITY COLLEGE FOUNDATION",3981393.0,681885.0,NULL,NULL,0
"ELKS LODGE 2543","13219 Poway Rd","92064.0","Liquor","BENEVOLENT & PROTECTIVE ORDER OF ELKS OF THE USA",228432.0,193888.0,NULL,NULL,0
"POWAY PERFORMING ARTS COMPANY","13250 Poway Rd","92064.0","Liquor","POWAY PERFORMING ARTS COMPANY",93372.0,167803.0,NULL,NULL,0
"Bellus Academy","13266 Poway Rd","92064.0","HigherEducationFacility","BEAUTY CHANGES LIVES",1033150.0,1326778.0,NULL,NULL,0
"Buena Vista","1330 Buena Vista Way","92008.0","School","PTA CALIFORNIA CONGRESS OF PARENTS TEACHERS & STUDENTS INC",0.0,0.0,NULL,NULL,0
"ESCONDIDO MASONIC TEMPLE ASSN ESCONDIDO MASONIC HALL ","1331 S Escondido Blvd",NULL,"LODGES","CRYPTIC MASONS OF CALIFORNIA",0.0,0.0,NULL,NULL,0
"Iglesia Mision Cristiana Maranatha (Iglesia Wesleyana)","1344 Melrose Way","92081.0","ReligiousStructure_C","WAVE CHURCH MINISTRIES",0.0,0.0,NULL,NULL,0
"First Samoan Congregational Christian Church","1345 S 45Th St","92113.0","ReligiousStructure_C","FIRST SAMOAN CONGREGATIONAL CHRISTIAN CHURCH OF SAN DIEGO",0.0,0.0,NULL,NULL,0
"FALLBROOK HEALTHCARE FOUNDATION INC DBA FOUNDATION FOR SENIOR CARE","135 S Mission Rd",NULL,"MISCELLANEOUS ASSOC","FALLBROOK HEALTHCARE FOUNDATION INC",1245156.0,942067.0,NULL,NULL,1
"KCE CHAMPIONS LLC @ SILVER STRAND PRESCHOOL","1350 Leyte Rd","92118.0","ChildDayCare","SILVER STRAND ELEMENTARY PARENT-TEACHER ORGANIZATION",56867.0,94246.0,NULL,NULL,0
"Westview","13500 Camino Del Sur","92129.0","School","WESTVIEW GOLD BOOSTERS",180508.0,233086.0,NULL,NULL,0
"Kurdish Community Islamic Center / Masjid Assalam","1357 Broadway","92021.0","ReligiousStructure_M","KURDISH COMMUNITY ISLAMAIC CENTER OF GREATER SAN DIEGO INC",628974.0,93253.0,NULL,NULL,1
"FLEET RESERVE ASSN EL CAJON BR 47","136 Chambers St","92020.0","Liquor","JAMES HUNTER BRANCH 47 FLEET RESERVE ASSOCIATION",0.0,0.0,NULL,NULL,0
"Poway Adult School","13626 Twin Peaks Rd","92064.0","HigherEducationFacility","POWAY UNIFIED SCHOOL DISTRICT FOUNDATION",1579825.0,454952.0,NULL,NULL,0
"SOLANA CENTER FOR ENVIRONMENTAL INNOVATION ","137 N El Camino Real",NULL,"MISCELLANEOUS ASSOC","SOLANA CENTER FOR ENVIRONMENTAL INNOVATION",1280385.0,1577427.0,NULL,NULL,1
"St Gabriel's Catholic Church","13734 Twin Peaks Rd","92064.0","ReligiousStructure_C","KNIGHTS OF COLUMBUS",145848.0,87106.0,NULL,NULL,0
"FALLBROOK HOSPITAL DISTRICT DBA FALLBROOK HOSPITAL WELLNESS CENTER","138 S Brandon Rd",NULL,"PUBLIC AGENCY","FALLBROOK REGIONAL HEALTH DISTRICT FOUNDATION",0.0,0.0,"C/O PROPERTY VALUATION SERVICES",NULL,0
"Bostonia Global Elem","1390 Broadway","92021.0","School","PTA CALIFORNIA CONGRESS OF PARENTS TEACHERS & STUDENTS INC",30084.0,44569.0,NULL,NULL,0
"ELKS LODGE ENCINITAS 2243","1393 Windsor Rd","92007.0","Liquor","BENEVOLENT & PROTECTIVE ORDER OF ELKS OF THE USA",254774.0,235753.0,NULL,NULL,0
"HANDS THAT HELP, LLC - MANZANA, THE","1395 Manzana Way","92139.0","ADULT RESIDENTIAL","RESTORE THE SALVATION OF OUR YOUTH INC",0.0,0.0,"BROOKINS, PAMELA","(619) 389-7386",0
"FALLBROOK FOOD PANTRY SEE 7430120694 ","140 N Brandon Rd",NULL,"SPECIALTY STORE-SOFT","FALLBROOK FOOD PANTRY",1547697.0,3353376.0,NULL,NULL,0
"SYNERGY COWORKS CENTRE THE LLC  ","140 N Escondido Blvd",NULL,"MISCELLANEOUS AGENCY","BAY VISTA METHODIST HEIGHTS",17391639.0,1389869.0,NULL,NULL,0
"DR ENTERPRISES&ASSOCIATES INC DBA PREMIUM REAL ESTATE SERVICES","140 W 16Th St",NULL,"REAL ESTATE&DEVELOPE","MABUHAY FOUNDATION",0.0,0.0,NULL,NULL,0
"BPOE LODGE INC #1812 ","1400 E Washington Ave",NULL,"LODGES","BENEVOLENT & PROTECTIVE ORDER OF ELKS OF THE USA",2317000.0,752417.0,NULL,NULL,0
"DEL DIOS JR HIGH SCHOOL  ","1400 W 9Th Ave",NULL,"PUBLIC AGENCY","PTA CALIFORNIA CONGRESS OF PARENTS TEACHERS & STUDENTS INC",0.0,0.0,NULL,NULL,0
"National City Public","1401 National City Blvd","91950.0","Library","FRIENDS OF THE NATIONAL CITY LIBRARY",124535.0,95666.0,NULL,NULL,0
"KERNEY BERLIN&BALLO YASIR DBA BOMBER SQUAD BOXING ACADEMY","1404 E Main St",NULL,"CLUBS - SOCIAL/SERVI","BOMBER SQUAD - THE ACADEMY",0.0,0.0,NULL,NULL,0
"San Diego High ","1405 Park Blvd","92101.0","School","PTA CALIFORNIA CONGRESS OF PARENTS TEACHERS & STUDENTS INC",19024.0,69429.0,NULL,NULL,0
"The Rhoades School","141 S Rancho Santa Fe Rd","92024.0","School","RHOADES SCHOOL FOUNDATION",197624.0,77676.0,NULL,NULL,0
"First Lutheran Church","1410 Foothill Dr","92084.0","ReligiousStructure_C","NORTH COUNTY STONE SOUP KITCHEN",0.0,0.0,NULL,NULL,0
"Old Poway Park","14134 Midland Rd","92064.0","Park","POWAY HISTORICAL AND MEMORIAL SOCIETY",0.0,0.0,NULL,NULL,0
"First Lutheran Church","1420 3Rd Ave","92101.0","ReligiousStructure_C","THIRD AVENUE CHARITABLE ORGANIZATION INC",110707.0,228482.0,NULL,NULL,0
"STUART WHITE DESIGN INC  ","1421 W Lewis St",NULL,"ARCHITECT&ENGINEER","RENASCENCE PROJECT",160019.0,11000.0,NULL,NULL,0
"San Diego Art Institute","1439 El Prado","92101.0","Museum","SAN DIEGO ART INSTITUTE",6155564.0,2113233.0,NULL,NULL,0
"CRAFT IN THE PARK INC","1450 El Prado","92101.0","Liquor","SAN DIEGO MUSEUM OF ART",85257019.0,17978227.0,NULL,NULL,0
"VOLUNTEERS IN MEDICINE  ","1457 E Madison Ave",NULL,"MISCELLANEOUS ASSOC","VOLUNTEERS IN MEDICINE-SAN DIEGO INC",290714.0,349566.0,"C/O STUART HARVEY",NULL,0
"Twin Peaks Multipurpose Center","14640 Tierra Bonita Rd","92064.0","RecreationalFacility","TWIN PEAKS FOUNDATION",0.0,0.0,NULL,NULL,0
"Willow Grove","14727 Via Azul","92127.0","School","PTA CALIFORNIA CONGRESS OF PARENTS TEACHERS & STUDENTS INC",110677.0,99251.0,NULL,NULL,0
"HIGHLAND RANCH PRESCHOOL","14840 Waverly Downs Way","92128.0","ChildDayCare","PTA CALIFORNIA CONGRESS OF PARENTS TEACHERS & STUDENTS INC",141791.0,68931.0,NULL,NULL,0
"San Diego Maritime Museum","1492 N Harbor Dr","92101.0","Museum","MARITIME MUSEUM ASSOCIATION OF SAN DIEGO",17593156.0,5829054.0,NULL,NULL,0
"The Response Church","1499 Venice St","92107.0","ReligiousStructure_C","FRIENDS OF SILVER GATE",387446.0,299201.0,NULL,NULL,0
"TRUECARE","150 Valpreda Rd","92069.0","Community Clinic","NORTH COUNTY HEALTH PROJECT INC",115984241.0,130869472.0,NULL,NULL,1
"GRAUER FOUNDATION FOR EDUCATION DBA GRAUER SCHOOL","1500 S El Camino Real",NULL,"MISC SCHOOL","GRAUER FOUNDATION FOR EDUCATION",25916681.0,6569928.0,NULL,NULL,0
"SANYO FOODS CORPORATION OF AMERICA","1505 Lomas Santa Fe Dr","92075.0","Liquor","MENS GOLF ASSOCIATION OF LOMAS SANTA FE COUNTRY CLUB",46757.0,234400.0,NULL,NULL,0
"UNI CARE HOSPICE INC","1510 S Escondido Blvd","92025.0","Hospice","UNI CARE HOSPICE INC",2706038.0,7198960.0,NULL,NULL,0
"MOLLY'S HOUSE","15260 Villa Sierra Rd","92082.0","ADULT RESIDENTIAL","HEARTS & MINDS INC",110693.0,603047.0,"CHRISTOPHER OTTLEY","(760) 749-1562",0
"EAST COUNTY TRANSITIONAL LIVING CENTER - ECTLC ","1527 E Main St",NULL,"MOTEL FURNISHINGS","EAST COUNTY TRANSITIONAL LIVING CENTER INC",2238826.0,6306579.0,NULL,NULL,0
"ESCONDIDO HIGH SCHOOL  ","1535 N Broadway",NULL,"PUBLIC AGENCY","ESCONDIDO ATHLETIC BOOSTER FOUNDATION",0.0,0.0,NULL,NULL,0
"NATIONAL ASSOCIATION OF LETTER CARRIERS ","1535 S Escondido Blvd",NULL,"UNION","NATIONAL ASSOCIATION OF LETTER CARRIERS",397696.0,148423.0,NULL,NULL,0
"SAMPSON GREG DBA PARADISE BY THE SEA ","1537 S Coast Hwy",NULL,"MOBILE HOME PARK","MONTY PRICE FOUNDATION INC",3942.0,NULL,NULL,NULL,0
"Poway Center for the Performing Arts ","15498 Espola Rd","92064.0","RecreationalFacility","POWAY CENTER FOR THE PERFORMING ARTS FOUNDATION",2452957.0,907089.0,NULL,NULL,0
"Firehouse Museum","1572 Columbia St","92101.0","Museum","PIONEER HOOK & LADDER",954137.0,122104.0,NULL,NULL,0
"Wat Thai Buddhist Temple","159 W 11Th Ave","92025.0","ReligiousStructure_B","THAI AND SOUTHEAST ASIAN ASSOCIATION OF CALIFORNIA",6902.0,5661.0,NULL,NULL,0
"WARSCHEK&ELFARRA CPA PATHWAY CONSULTING ","1595 S Mission Rd",NULL,"ACCOUNTANT","MARINE CONSERVATION SCIENCEINSTITUTE",506862.0,NULL,NULL,NULL,0
"San Elijo Mid","1600 Schoolhouse Way","92078.0","School","SAN ELIJO MIDDLE SCHOOL BAND BOOSTER CLUB",8419.0,81340.0,NULL,NULL,0
"1601 Precision Park Ln","1601 Precision Park Ln","92173-1345","Manufacturing","CENTRO DE SALUD DE LA COMUNIDAD DE SAN YSIDRO INC",415495526.0,615881926.0,NULL,NULL,0
"Seaside Center for Spiritual Living","1613 Lake Dr","92007.0","ReligiousStructure_C","SAN DIEGUITO INTERFAITH MINISTERIAL ASSOCIATION",0.0,0.0,NULL,NULL,0
"CAJON VALLEY SCHOOL DISTRICT MADISON AVENUE SCHOOL ","1615 E Madison Ave",NULL,"PUBLIC AGENCY","PTA CALIFORNIA CONGRESS OF PARENTS TEACHERS & STUDENTS INC",0.0,0.0,NULL,NULL,0
"San Elijo Elem","1615 Schoolhouse Way","92078.0","School","SAN ELIJO ELEMENTARY SCHOOL PARENT TEACHER ORGANIZATION",281198.0,278305.0,NULL,NULL,0
"VETERANS ASSOCIATION OF NORTH COUNTY","1617 Mission Ave","92054.0","Liquor","FOUNDATION FOR HOMELESS VETERANS",0.0,0.0,NULL,NULL,0
"SAN DIEGO HOUSING COMMISSION","1625 Newton Ave","92113.0","GovernmentFacility","MONARCH SCHOOL 1625 LLC",17912605.0,1026051.0,NULL,NULL,1
"BANDY CANYON RANCH CORP.","16251 Bandy Canyon Rd","92025.0","Liquor","CANYON FARM ANIMAL SANCTUARY CORP",2667.0,13924.0,NULL,NULL,0
"Tenant Parking","1629 Columbia St","92101.0","ParkingLot","ITALIAN COMMUNITY CENTER",88868.0,196078.0,NULL,NULL,0
"CORONADO YACHT CLUB","1631 Strand Way","92122.0","Liquor","CORONADO YACHT CLUB",15205394.0,6034129.0,NULL,NULL,0
"First Church of Christ Scientist","16315 Pomerado Rd","92064.0","ReligiousStructure_C","HINDU COMMUNITY CENTER OF SAN DIEGO",0.0,0.0,NULL,NULL,0
"CITY OF CARLSBAD-FARADAY CENTER","1635 Faraday Ave","92008.0","GovernmentFacility","CARLSBAD CITY MISCELLANEOUS EMPLOYEES ASSOCIATION",122360.0,64910.0,NULL,NULL,0
"AVID BEHAVIORAL DAY PROGRAM-CAPALINA","1637 Capalina Rd","92069.0","AdultDayCare","UNIVERSITY OF SAINT KATHERINE",0.0,0.0,NULL,NULL,0
"EMPOWER MSO LLC AT POSTAL ANNEX ","1637 E Valley Pkwy",NULL,"DOCTOR/OSTEOPA/CHIRO","HOPE2K9 RESCUE",23285.0,116649.0,"C/O ARJUN PASRICHA",NULL,0
"APPLE INC SAN DIEGO 20 - A0689 ","16399 W Bernardo Dr",NULL,"ELECTRONIC ASSEMBLY","TOASTMASTERS INTERNATIONAL",0.0,0.0,"MS 580-GL",NULL,0
"GEORGIA PRODUCTS INC","1642 Myra Ct","91911.0","Liquor","US-GEORGIA FRIENDSHIP ASSOCIATION INC",0.0,0.0,NULL,NULL,0
"ALLIANCE GCP LLC DBA MT WOODSON GOLF COURSE ","16422 N Woodson Dr",NULL,"MISC AMUSEMENT","MT WOODSON MILITARY & LAW ENFORCEMENT AID",0.0,0.0,NULL,NULL,0
"SAN PASQUAL SCHOOL DISTRICT","16666 San Pasqual Valley Rd","92027.0","GovernmentFacility","SAN DIEGO ARCHAEOLOGICAL CENTER",791381.0,473914.0,NULL,NULL,0
"NATURALLY DESI LLC","16769 Bernardo Center Dr","92128.0","Liquor","RANCHO BERNARDO SENIOR SERVICES",523570.0,65788.0,NULL,NULL,0
"CHAI PRESCHOOL & INFANT CENTER","16934 Chabad Way","92064.0","ChildDayCare","OUR GIVING KITCHEN SAN DIEGO INC",0.0,0.0,NULL,NULL,0
"Rancho Bernardo Swim & Tennis Club","16955 Bernardo Oaks Dr","92128.0","RecreationalFacility","RANCHO BERNARDO SWIM & TENNIS CLUB",4346672.0,2263302.0,NULL,NULL,0
"SAN DIEGUITO UNITED METHODIST PRESCHOOL","170 Calle Magdalena","92024.0","ChildDayCare","SAN DIEGO NORTH COAST SINGERS",28838.0,106649.0,NULL,NULL,0
"Church of Jesus Christ of Latter-day Saints","1701 Granite Hills Dr","92019.0","ReligiousStructure_C","KIDINNU ACADEMY",12155998.0,6751755.0,NULL,NULL,0
"North County Gymnastics","17022 Camino San Bernardo","92127.0","RecreationalFacility","NORTH COUNTY GYMNASTICS INC",12905.0,66323.0,NULL,NULL,0
"GARY AND MARY WEST SENIOR SERVICES, INC.","1706 Descanso Ave","92078.0","Community Clinic","GARY AND MARY WEST SENIOR SERVICES INC",17584543.0,47326536.0,NULL,NULL,1
"Point Loma Masonic Temple Association","1711 Sunset Cliffs Blvd","92107.0","CommunityCenter","POINT LOMA MASONIC TEMPLE ASSOCIATION INC",47106.0,103853.0,NULL,NULL,1
"GROSSMONT UNION HIGH DISTRICT GRANITE HILLS HIGH SCHOOL ","1719 E Madison Ave",NULL,"PUBLIC AGENCY","PTA CALIFORNIA CONGRESS OF PARENTS TEACHERS & STUDENTS INC",0.0,0.0,NULL,NULL,0
"CALIFORNIA HIGHWAY PATROL  ","1722 E Main St",NULL,"PUBLIC AGENCY","EL CAJON 680 SQUAD CLUB INC",15004.0,56240.0,NULL,NULL,0
"BANKERS EQUITY MORTGAGE INC  ","1725 S Escondido Blvd",NULL,"LOAN/MORTGAGE","CASA COMPANION GIVING SOLUTIONS",0.0,0.0,NULL,NULL,0
"United Church of Christ (Romero Center for Border Ministries)","173 W Hall Ave","92173.0","ReligiousStructure_C","THE DANIEL F ROMERO CENTER FOR CONTEXTUAL CHANGE",0.0,0.0,NULL,NULL,0
"TRI CITY CHURCH  ","1737 W Vista Way",NULL,"MISC SCHOOL","PTA CALIFORNIA CONGRESS OF PARENTS TEACHERS & STUDENTS INC",0.0,0.0,NULL,NULL,0
"AVCO CORP DBA WESTWOOD CLUB SOUTH SHORE PLAZA","17394 W Bernardo Dr",NULL,"PUBLIC AGENCY","THE WESTWOOD CLUB",3211621.0,2114332.0,NULL,NULL,0
"NEVAREZ  BERNARDO","1759 Oceanside Blvd","92054.0","Liquor","LIFE TIME INTERNATIONAL INCORPORATED",0.0,0.0,NULL,NULL,0
"Icohs College","1770 4Th Ave","92101.0","HigherEducationFacility","IEM STUDENT EXCHANGE INC",152413.0,15578.0,NULL,NULL,0
"CREATIVE CREATURE  LLC","1784 La Costa Meadows Dr","92078.0","Liquor","ELECTRIC VEHICLE LEARNING CENTER",0.0,0.0,NULL,NULL,0
"CASTELLIFV LLC","17872 Oak Grove Rd","92065.0","Liquor","CASTELLI FAMILY FOUNDATION",83006.0,NULL,NULL,NULL,0
"SAN DIEGO SOCIETY OF NATURAL HISTORY","1788 El Prado","92101.0","Liquor","SAN DIEGO SOCIETY OF NATURAL HISTORY BALBOA PARK",80852507.0,17146858.0,NULL,NULL,0
"Cabrillo National Monument","1800 Cabrillo Memorial Dr","92106.0","Park","CABRILLO NATIONAL MONUMENT FOUNDATION",1273023.0,891534.0,NULL,NULL,0
"DEHESA CHARTER SCHOOL  COMMUNITY MONTESSORI","1800 N Broadway",NULL,"MISCELLANEOUS ASSOC","FOUNDATION MATTHEW 633 INC",0.0,0.0,"C/O DOUG MILLER",NULL,1
"OCEANSIDE UNIFIED SCHOOL DISTRIC SOUTH OCEANSIDE ELEMENTARY SCHOOL","1806 S Horne St",NULL,"PUBLIC AGENCY","SOUTH OCEANSIDE ELEMENTARY PARENT TEACHER ORGANIZATION PTO",157022.0,103018.0,NULL,NULL,0
"FALLBROOK LAND CONSERVANCY  ","1815 S Stage Coach Ln",NULL,"MISCELLANEOUS ASSOC","FALLBROOK LAND CONSERVANCY",29053454.0,1811475.0,NULL,NULL,0
"VISTA DEL LAGO MEMORY CARE","1817 Avenida Del Diablo","92029.0","RESIDENTIAL CARE ELDERLY","SEQUOIA AFFORDABLE HOUSING FOUNDATION",105615.0,1885869.0,"MARIE HILL","(760) 741-2888",0
"Apostolic Assembly of the Faith in Christ Jesus","1819 Englewood Dr","91945.0","ReligiousStructure_C","IGLESIA LINAJE ESCOGIDO SAN DIEGO INC",1000.0,1000.0,NULL,NULL,0
"Alpine Community Center","1830 Alpine Blvd","91901.0","Building","THE ALPINE CLUB",1137578.0,385727.0,NULL,NULL,1
"REMY HUDSON THEATRE SEE 7068702810 ","18402 W Bernardo Dr",NULL,"MISCELLANEOUS AGENCY","ED BROWN SENIOR CENTER AT RANCHO BERNARDO",341449.0,156640.0,NULL,NULL,0
"HOPE HELP&HEALING SOUTHERN CALIFORNIA ","1855 E Vista Way",NULL,"MISC PROFESSIONAL","BREAKERS LABS INC",12708.0,265923.0,NULL,NULL,0
"CASA DE LAS CAMPANAS","18655 West Bernardo Drive","92127.0","RCFE-CONTINUING CARE RETIREMENT COMMUNITY","CASA FOUNDATION",14304863.0,1868206.0,"HARRIS, BROOKE","(858) 451-9152",1
"DG WEST 2021 LLC  ","1868 E Valley Pkwy",NULL,"MISC CONTRACTOR","ESCONDIDO CHARTER HIGH SCHOOL PARENT VOLUNTEER ORGANIZATION",15395.0,99921.0,"ATTN PROPERTY TAX PSX/JB",NULL,0
"Fleet Science Center (Reuben H)","1875 El Prado","92101.0","Museum","REUBEN H FLEET SCIENCE CENTER",14601717.0,9468540.0,NULL,NULL,0
"Rams Hill Golf Club","1881 Rams Hill Rd","92004.0","GolfCourse","RAMS HILL WOMENS GOLF CLUB INC",0.0,0.0,NULL,NULL,0
"LAS PALMAS ELEMENTARY SCHOOL  ","1900 E 18Th St",NULL,"PUBLIC AGENCY","PTA CALIFORNIA CONGRESS OF PARENTS TEACHERS & STUDENTS INC",0.0,0.0,NULL,NULL,0
"Pepper Dr","1935 Marlinda Way","92020.0","School","PTA CALIFORNIA CONGRESS OF PARENTS TEACHERS AND STUDENTS INC",0.0,0.0,NULL,NULL,0
"BPOE VISTA ELKS LODGE #1968  ","1947 E Vista Way",NULL,"LODGES","BENEVOLENT & PROTECTIVE ORDER OF ELKS OF THE USA",335767.0,570049.0,NULL,NULL,0
"OCEANSIDE YACHT CLUB INC","1950 Harbor Dr N","92054.0","Liquor","OCEANSIDE YACHT CLUB INC",604275.0,725196.0,NULL,NULL,0
"SOUTH BAY FAMILY YMCA - WOLF CANYON ELEMENTARY","1950 Wolf Canyon Loop","91913.0","ChildDayCare","PTA CALIFORNIA CONGRESS OF PARENTS TEACHERS & STUDENTS INC",37662.0,50217.0,NULL,NULL,0
"Civic Center Park","200 Civic Center Dr","92084.0","Park","ALTA VISTA BOTANICAL GARDENS",496172.0,381627.0,NULL,NULL,0
"A REASON TO SURVIVE INC A REASON TO SURVIVE ","200 E 12Th St",NULL,"CLUBS - SOCIAL/SERVI","A REASON TO SURVIVE",648777.0,1800258.0,NULL,NULL,0
"CENTRAL PARKING SYSTEMS INC #075-6036 ","200 W Island Ave",NULL,"AUTO PARKING","THE NEW CHILDRENS MUSEUM",20127027.0,6055866.0,NULL,NULL,0
"CALVIN CHRISTIAN SCHOOL OF ESCONDIDO INC SEE 7190408000","2000 N Broadway",NULL,"MISC SCHOOL","CALVIN CHRISTIAN SCHOOL OF ESCONDIDO INC",10364345.0,8116071.0,NULL,NULL,0
"GUAJOME PARK ACADEMY","2000 N Santa Fe Ave","92083.0","GovernmentFacility","GUAJOME PARK ACADEMY FOUNDATION",332724.0,6867.0,NULL,NULL,0
"FAA TOWER  ","2001 N Marshall Ave",NULL,"PUBLIC AGENCY","NATIONAL AIR TRAFFIC CONTROLLERS ASSOCIATION",0.0,0.0,NULL,NULL,0
"SAN DIEGO AIR & SPACE MUSEUM","2001 Pan American Plz","92101.0","Liquor","SAN DIEGO AIR & SPACE MUSEUM",12283230.0,6673846.0,NULL,NULL,0
"SONS OF NORWAY NORGE LODGE NO 60 ","2006 E Vista Way",NULL,"CLUBS - SOCIAL/SERVI","NORWAY HALL FOUNDATION A NON PROFIT CALIFORNIA CORPORATION",177696.0,396456.0,NULL,NULL,0
"Coronado Unified School District Office","201 6Th St","92118.0","GovernmentFacility","CORONADO SCHOOLS FOUNDATION",12003483.0,1386183.0,NULL,NULL,0
"SAN DIEGO EAST COUNTY CHAMBER OF COMMERCE ","201 S Magnolia Ave",NULL,"MISCELLANEOUS ASSOC","SAN DIEGO EAST COUNTY CHAMBER OF COMMERCE",618269.0,755065.0,"ATTN ACCOUNTING",NULL,0
"LOYAL ORDER OF MOOSE INC #1325 ","2017 S Coast Hwy",NULL,"CLUBS - SOCIAL/SERVI","OCEANSIDELODGE NO 1325 LOYAL ORDER OF MOOSE INC",202929.0,192104.0,NULL,NULL,0
"MASONIC LODGE","203 Rocky Crest Rd","92028.0","CommunityCenter","FREE & ACCEPTED MASONS OF CALIFORNIA",1289326.0,130970.0,NULL,NULL,1
"Postal Annex","2033 San Elijo Ave","92007.0","PostOffice","LKA FOUNDATION",0.0,0.0,NULL,NULL,0
"ANTIQUE GAS&STEAM ENGINE MUSEUM INC ","2040 N Santa Fe Ave",NULL,"MISCELLANEOUS ASSOC","ANTIQUE GAS & STEAM ENGINE MUSEUM INC",1810880.0,438248.0,NULL,NULL,0
"WAT LAO BOUBPHARAM OF SAN DIEGO ","205 S 65Th St",NULL,"MISCELLANEOUS ASSOC","WAT LAO BOUBPHARAM OF SAN DIEGO",1882825.0,201553.0,NULL,NULL,0
"LAW OFFICE OF ROBERT W JACKSON DBA JACKSON&PARKINSON ","205 W Alvarado St",NULL,"ATTORNEY","BOYS AND GIRLS CLUB OF NORTH COUNTY",3633189.0,4076192.0,"C/O ROBERT W JACKSON",NULL,0
"ASSISTANCE LEAGUE OF INLAND NORTH COUNTY DBA BARGAIN BOX THRIFT SHOP&","2068 E Valley Pkwy",NULL,"CLUBS - SOCIAL/SERVI","ASSISTANCE LEAGUE OF INLAND NORTH COUNTY",2122517.0,542959.0,"CONSIGNMENT/OPER SCHOOL BELL",NULL,0
"CLASSICAL ACADEMY HIGH SCHOOL INC ","207 E Pennsylvania Ave",NULL,"MISC SCHOOL","COASTAL CONFERENCE",0.0,0.0,"ATTN SANDRA REEVE",NULL,0
"MOTHER LODE BOOKKEEPING INC  ","207 W D St",NULL,"ACCOUNTANT","ENCINITAS PRESERVATION ASSOCIATION",1315817.0,78376.0,"ATTN RICHARD ROGERS",NULL,0
"SOUTHERN CALIFORNIA SEMINARY  ","2075 E Madison Ave",NULL,"BUSINESS SCHOOL","SOUTHERN CALIFORNIA SEMINARY",900374.0,2549644.0,NULL,NULL,0
"SILVER GATE YACHT CLUB","2091 Shelter Island Dr","92106.0","Liquor","SILVER GATE YACHT CLUB",5998139.0,1576864.0,NULL,NULL,0
"CITY OF ESCONDIDO PARK AVE COMMUNITY CENTER ","210 E Park Ave",NULL,"PUBLIC AGENCY","SENIOR ANGLERS OF ESCONDIDO",0.0,0.0,NULL,NULL,1
"AMERICAN LEGION THE SAN DIEGUITO POST 416 ","210 W F St",NULL,"INSTITUTIONAL EXEMPT","AMERICAN LEGION AUXILIARY",0.0,0.0,NULL,NULL,0
"SOLANA BEACH CHAMBER OF COMMERCE ","210 W Plaza St",NULL,"MISCELLANEOUS AGENCY","SOLANA BEACH CHAMBER OF COMMERCE",251775.0,639945.0,NULL,NULL,0
"Shadow Mountain Community Church","2100 Greenfield Dr","92019.0","ReligiousStructure_C","CHRISTIAN UNIFIED SCHOOLS OF SAN DIEGO",8667167.0,23284068.0,NULL,NULL,1
"SEACREST HOME HEALTH","211 Saxony Rd","92024.0","Home Health Agency","JEWISH HOME CARE SERVICES INC A CALIF NON-PROFIT BENE CORP",660664.0,1631902.0,NULL,NULL,1
"LEICHTAG FAMILY ASSISTED LIVING RESIDENCE","211 Saxony Road","92024.0","RESIDENTIAL CARE ELDERLY","SAN DIEGO HEBREW HOMES",43026734.0,23783278.0,"CARL MEASER","(760) 632-0081",0
"ST MADELEINE SOPHIES CENTER TRAINING CENTER ","2119 E Madison Ave",NULL,"MISCELLANEOUS ASSOC","ST MADELEINE SOPHIES TRAINING CENTER",14839538.0,10604022.0,NULL,NULL,0
"VFW SAN MARCOS MEMORIAL POST 3795","212 W Mission Rd","92069.0","Liquor","VETERANS OF FOREIGN WARS OF THE UNITED STATES AUXILIARY",0.0,0.0,NULL,NULL,0
"LOPEZ AGULERA PABLO ANGEL& CHAVEZ STEPHANIE DBA SURFACE SOLUTIONS","2120 W Mission Rd",NULL,"MISC CONTRACTOR","PALOMAR GEM AND MINERAL CLUB INC",0.0,0.0,NULL,NULL,0
"MCDANIEL BROTHERS PTNRSHP SEE 7397170000 ","2141 S Mission Rd",NULL,"MISCELLANEOUS AGENCY","FALLBROOK AERO CLUB",0.0,0.0,NULL,NULL,0
"Old Town Post Office","2150 Comstock St","92111.0","PostOffice","LINDA VISTA VILLAGE SAN DIEGO HOMEOWNERS ASSOCIATION",0.0,0.0,NULL,NULL,0
"Diegueno","2150 Village Park Way","92024.0","School","PTA CALIFORNIA CONGRESS OF PARENTS TEACHERS & STUDENTS INC",41067.0,79610.0,NULL,NULL,0
"House of Israel Balboa Park","2156 Pan American Plaza","92101.0","ReligiousStructure_J","HOUSE OF ISRAEL BALBOA PARK",0.0,0.0,NULL,NULL,0
"City of Praise","2160 Fletcher Pkwy","92020.0","ReligiousStructure_C","MAN ALIVE MINISTRIES INC",0.0,0.0,NULL,NULL,0
"DRJ 6 LLC","2168 Avenida De La Playa","92037.0","Liquor","LA JOLLA SHORES BUSINESS ASSOCIATION INC",13067.0,51390.0,NULL,NULL,0
"Hope City","2169 Green Canyon Rd","92028.0","School","BRING ME HOPE FOUNDATION",69699.0,105479.0,NULL,NULL,0
"Barrio Station Non-Profit","2175 Newton Ave","92113.0","RecreationalFacility","BARRIO STATION",430912.0,358745.0,NULL,NULL,0
"JOHN PAUL THE GREAT CATHOLIC UNIVERSITY SEE 7430064738","220 W Grand Ave",NULL,"MISC SCHOOL","JOHN PAUL THE GREAT CATHOLIC UNIVERSITY",14267330.0,9184767.0,NULL,NULL,0
"GLEN VIEW ELEMENTARY SCHOOL  ","2201 E Mission Ave",NULL,"PUBLIC AGENCY","PTA CALIFORNIA CONGRESS OF PARENTS TEACHERS AND STUDENTS INC",0.0,0.0,NULL,NULL,0
"EL CHAPARRAL LLC","2215 30Th St","92104.0","Liquor","SOUTH PARK BUSINESS GROUP INC",51418.0,54589.0,NULL,NULL,0
"Coastline Community Church","2215 Calle Barcelona","92009.0","ReligiousStructure_C","OAKS CLASSICAL ACADEMY CORP",0.0,0.0,NULL,NULL,1
"PAPAGAYOS GRILL INC","2220 Otay Lakes Rd","91915.0","Liquor","PUPPY PROMISE",0.0,0.0,NULL,NULL,0
"Morley Field Sports Complex","2221 Morley Field Dr","92101.0","RecreationalFacility","DREAM TEAM HJKTENNIS",0.0,0.0,NULL,NULL,0
"Rosicrucian Fellowship","2222 Mission Ave","92054.0","ReligiousStructure_C","ROSICRUCIAN FELLOWSHIP",461625.0,136331.0,NULL,NULL,0
"FALLBROOK UNION HIGH SCHOOL DISTRICT OFFICE ","2234 S Stage Coach Ln",NULL,"PUBLIC AGENCY","MAGEE SCHOLARSHIP TR",399395.0,NULL,NULL,NULL,0
"Point Loma Knights","2244 Bacon St","92107.0","CommunityCenter","POINT LOMA KNIGHTS INC",0.0,0.0,NULL,NULL,1
"V F W POST 3783","2247 Kelly Ave","92065.0","Liquor","AMERICAN LEGION POST",0.0,0.0,NULL,NULL,0
"DEL MAR UNION DISTRICT OFFICE","225 9Th St","92014.0","GovernmentFacility","DEL MAR FOUNDAION",10301310.0,717048.0,NULL,NULL,0
"California Western School of Law","225 Cedar St","92101.0","HigherEducationFacility","CALIFORNIA WESTERN SCHOOL OF LAW",77247675.0,46171819.0,NULL,NULL,0
"ORTLIEB RANDOPLH W PALOMAR LAW GROUP ","225 E 3Rd Ave",NULL,"ATTORNEY","KATHERINE BAXTER MEMORIAL FOUNDATION",324594.0,NULL,NULL,NULL,0
"PREMIER FOOD SERVICES  INC.","2260 Jimmy Durante Blvd","92014.0","Liquor","DON DIEGO FUND",1211730.0,302102.0,NULL,NULL,0
"LILJEGREN SCOTT DBA LILJEGREN LAW GROUP ","228 N Broadway",NULL,"ATTORNEY","DESANTIS FOUNDATION",1525762.0,NULL,NULL,NULL,0
"J B CLARK POST VETERANS MEMORIAL BLDG ","230 E Park Ave",NULL,"MISCELLANEOUS AGENCY","AMERICAN LEGION",126090.0,125006.0,NULL,NULL,0
"LUCORE JANET DBA FALLBROOK ANIMAL SANCTUARY ","230 W Aviation Rd",NULL,"KENNELS","FALLBROOK ANIMAL SANCTUARY",832943.0,527884.0,NULL,NULL,0
"THOMAS G. GRAVELLE SR. POST NO.11387  VETERANS OF ","2312 Reo Dr","92139.0","Liquor","VETERANS OF FOREIGN WARS OF THE UNITED STATES AUXILIARY",0.0,0.0,NULL,NULL,0
"SOUTHERN CALIFORNIA AMERICAN INDIAN RESOURCE CENTER INC SCAIR","239 E Main St",NULL,"MISC PROFESSIONAL","SOUTHERN CALIFORNIA AMERICAN INDIAN RESOURCE CENTER INC",473099.0,1557610.0,NULL,NULL,0
"ESCONDIDO PUBLIC LIBRARY  ","239 S Kalmia St",NULL,"PUBLIC AGENCY","FRIENDS OF THE LIBRARY OF ESCONDIDO",219340.0,68921.0,NULL,NULL,0
"Barnett","23925 Couna Way","92065.0","School","PTA CALIFORNIA CONGRESS OF PARENTS TEACHERS & STUDENTS",0.0,0.0,NULL,NULL,0
"PARENT INSTITUTE FOR QUALITY EDUCATION DBA PIQE","2405 E Plaza Blvd",NULL,"MISCELLANEOUS ASSOC","PARENT INSTITUTE FOR QUALITY EDUCATION INC",10257973.0,10317076.0,"ATTN CARMEN FOLTZ",NULL,0
"INSPIRATION POINT INC DBA DAVID ALAN COLLECTION ","241 S Cedros Ave",NULL,"LUMBER-RETAIL","IGNITE A FOUNDATION FOR LEARNING",0.0,0.0,"C/O DAVID BARDWICK",NULL,0
"San Vincente Resort and Golf Course","24157 San Vicente Rd","92065.0","GolfCourse","SAN DIEGO COUNTRY ESTATES ASSOCIATION LLC",10413357.0,13105141.0,NULL,NULL,0
"ELKS LODGE ESCONDIDO 1687","2430 S Escondido Blvd","92025.0","Liquor","BENEVOLENT & PROTECTIVE ORDER OF ELKS OF THE USA",1717510.0,339137.0,NULL,NULL,0
"ESCONDIDO PUBLIC LIBRARY PIONEER ROOM ","247 S Kalmia St",NULL,"PUBLIC AGENCY","PIONEER ROOM FRIENDS",0.0,0.0,NULL,NULL,0
"LAW OFFICES OF JAMES E LUND APC ","249 E 4Th Ave",NULL,"ATTORNEY","YOU ARE A FORCE FOUNDATION",0.0,0.0,NULL,NULL,0
"Dukes","24908 Abalar Way","92065.0","School","PTA CALIFORNIA CONGRESS OF PARENTS TEACHERS & STUDENTS INC",42970.0,61312.0,NULL,NULL,0
"HASALI CORPORATION DBA SAVON FLOORING ","2521 S Vista Way",NULL,"MISC PROFESSIONAL","HOMELESS NEXT DOOR",0.0,0.0,NULL,NULL,0
"Carlsbad Skate Park","2560 Orion Way","92010.0","RecreationalFacility","CARLSBAD EXPLORER POST 781 INC",0.0,0.0,NULL,NULL,0
"ALTERNATIVES","257 E 2Nd Ave","92025.0","Free Clinic","ALTERNATIVES",1009578.0,735904.0,NULL,NULL,0
"MOOSE LODGE ESCONDIDO 1874","25721 Jesmond Dene Rd","92026.0","Liquor","ESCONDITA CHAPT NO 1310 WOMEN OF THE MOOSE",0.0,0.0,NULL,NULL,0
"Heritage Hall","258 Beech Ave","92008.0","RecreationalFacility","THE BICENTENNIAL CARLSBAD HISTORICAL SOCIETY",0.0,0.0,NULL,NULL,0
"Sanderling Waldorf","2585 Business Park Dr","92081.0","School","WALDORF IN NORTH COASTAL INC",5007226.0,3135060.0,NULL,NULL,0
"THE ORIGINAL FISH TACO LLC ","2604 El Camino Real","92010.0","Liquor","PATRONS OF THE ARTS FOUNDATION",30432.0,107964.0,NULL,NULL,0
"SAN DIEGO MISSION BAY BOAT & SKI CL","2606 N Mission Bay Dr","92109.0","Liquor","SAN DIEGO MISSION BAY BOAT AND SKI CLUB INCORPORATED OF SAN DIEGO",458328.0,959124.0,NULL,NULL,0
"Clairemont Emmanuel Baptist Church","2610 Galveston St","92110.0","ReligiousStructure_C","SPECTRUM MINISTRIES INC",288509.0,419467.0,NULL,NULL,0
"ESCONDIDO ARTS PARTNERSHIP MUNICIPAL GALLERY ","262 E Grand Ave",NULL,"ART DEALERS","ESCONDIDO ARTS PARTNERSHIP",100811.0,151992.0,NULL,NULL,0
"Pacific Beach Tennis Club","2639 Grand Ave","92109.0","RecreationalFacility","PACIFIC BEACH TENNIS CLUB",207601.0,437880.0,NULL,NULL,0
"MISSION BAY MONTESSORI ACADEMY","2640 Soderblom Ave","92122.0","ChildDayCare","MISSION BAY MONTESSORI ACADEMY PARENTS GROUP FOUNDATION",160106.0,19261.0,NULL,NULL,0
"GEYER ELECTRONIC AMERICA INC  ","270 E Douglas Ave",NULL,"MISC PROFESSIONAL","KURDISH-AMERICAN SOCIETY INC",0.0,0.0,"TAX DEPARTMENT",NULL,0
"Norman Park","270 F St","91910.0","Park","CLUB AMISTAD",0.0,0.0,NULL,NULL,0
"SOUTHWESTERN YACHT CLUB INC","2702 Qualtrough St","92106.0","Liquor","SOUTHWESTERN YACHT CLUB",9106867.0,5964554.0,NULL,NULL,0
"GRAND CRU LIQUID ASSETS  LLC","2706 Gateway Rd","92009.0","Liquor","FRIENDS OF GREATER WORKS FOUNDATION INC",0.0,0.0,NULL,NULL,0
"TPU INC DBA TWO PAWS UP ","27361 N Lake Wohlford Rd",NULL,"KENNELS","DOGGY HYDEAWAY RESCUE REHAB INC",497350.0,550000.0,"ATTN LORI MARTINEZ",NULL,0
"GAUCHO WINES LLC","275 Santa Fe Dr","92007.0","Liquor","YOU CHOOSE FOUNDATION",0.0,0.0,NULL,NULL,0
"Plaza de Nacion Park","276 Fourth Ave","91910.0","Park","ASSOCIATION OF CHULA VISTA EMPLOYEES",99044.0,78395.0,NULL,NULL,0
"MAR ORAHA CHALDEAN CHARITIES DBA MAR ORAHA ASSOCIATION ","277 E Lexington Ave",NULL,"CLUBS - SOCIAL/SERVI","MAR ORAHA CHALDEAN CHARITIES",341647.0,220141.0,NULL,NULL,0
"NEW VILLAGE ARTS INC","2787 State St","92008.0","Liquor","NEW VILLAGE ARTS INC",3031895.0,1823863.0,NULL,NULL,0
"Julian Pioneer Park/Museum","2811 Washington St","92036.0","Park","JULIAN PIONEER MUSEUM CHARITABLE TR",0.0,0.0,NULL,NULL,0
"UNITED PORTUGUESE S E S INC","2818 Avenida De Portugal","92106.0","Liquor","UNITED PORTUGUESE S E S INC",5334642.0,850055.0,NULL,NULL,0
"L & M RESIDENTIAL","2840 Via Del Allazon","91902.0","ADULT RESIDENTIAL","FLYING FOR KIDS",0.0,0.0,"LARA, OSCAR","(619) 267-4955",0
"GOOD THERAPY SAN DIEGO  ","285 N El Camino Real",NULL,"DOCTOR/OSTEOPA/CHIRO","ANICIRA VETERINARY CENTER - CALIFORNIA INC",2860709.0,2817912.0,NULL,NULL,0
"FRONT PORCH COMMUNITIES AND SERVICES","2855 Carlsbad Blvd","92008.0","Liquor","RESIDENTS ASSOCIATION OF CARLSBAD BY THE SEA INC",204413.0,259628.0,NULL,NULL,0
"ORANGE GLEN ELEMENTARY SCHOOL  ","2861 E Valley Pkwy",NULL,"PUBLIC AGENCY","PTA CALIFORNIA CONGRESS OF PARENTS TEACHERS & STUDENTS INC",0.0,0.0,NULL,NULL,0
"2861 Womble Rd","2861 Womble Rd","92106-6025","K-12 School","HTH LEARNING",135537467.0,6592706.0,NULL,NULL,0
"Logan Memorial","2875 Ocean View Blvd","92113.0","School","PTA CALIFORNIA CONGRESS OF PARENTS TEACHERS & STUDENTS INC",0.0,0.0,NULL,NULL,0
"CYGNET THEATRE COMPANY","2880 Roosevelt Rd","92106.0","Liquor","CYGNET THEATRE COMPANY",2141270.0,3320313.0,NULL,NULL,0
"BELLAV 1  INC.","2880 Torrey Pines Scenic Dr","92093.0","Liquor","SANFORD CONSORTIUM FOR REGENERATIVE MEDICINE",83433394.0,9953170.0,NULL,NULL,0
"MICHAEL A. MONSOOR  POST NO. 2082  VETERANS OF FOR","2885 Lemon Grove Ave","91945.0","Liquor","VETERANS OF FOREIGN WARS DEPARTMENT OF CALIFORNIA",316551.0,157543.0,NULL,NULL,0
"Global Professional Building","2888 Loker Ave E","92010.0","BusinessCenter","N-LOREM FOUNDATION",12276482.0,11008892.0,NULL,NULL,0
"ROXIES ELDERLY HOMES I","290 Holiday Way","92057.0","AdultDayCare","ROXIES ELDERLY HOMES",0.0,0.0,NULL,NULL,0
"Z & J LIQUOR INC","2907 Shelter Island Dr","92106.0","Liquor","POINT LOMA FOUNDATION",0.0,0.0,NULL,NULL,0
"New Bethel Baptist Church","2924 39Th St","92105.0","ReligiousStructure_C","NEW BETHEL BAPTIST CHURCH OF SAN DIEGO",241439.0,98527.0,NULL,NULL,0
"Harmony Christian Church","2926 Market St","92102.0","ReligiousStructure_C","FILIPINO-AMERICAN VETERANS ASSOCIATION OF SAN DIEGO INC",0.0,0.0,NULL,NULL,0
"Iglesia Evangelica Cristo Rey ","2933 National Ave","92113.0","ReligiousStructure_C","TABERNACULO DE AVIVAMIENTO CRISTO REY INC",3842.0,66473.0,NULL,NULL,0
"Lake Morena Community Church","29765 Oak Dr","91906.0","ReligiousStructure_C","LAKE MORENA COMMUNITY CHURCH",356995.0,104229.0,NULL,NULL,1
"HOOKED ON SUSHI INC","300 Carlsbad Village Dr","92008.0","Liquor","NORTH COAST AQUATICS BOOSTERS",4973.0,2306.0,NULL,NULL,0
"ARIZMENDI LUISA DBA LUCKY 7 BEAUTY SALON ","301 E Grand Ave",NULL,"BEAUTY SHOP","RESTORATION COMMUNITY ARTS",627791.0,564415.0,NULL,NULL,0
"LOGAN TEMPLE AFRICAN METHODIST EPISCOPAL ZION CHURCH ","302 S 32Nd St",NULL,"RELIGIOUS ORGANIZATI","EMPOWERING PEOPLE COMMUNITY DEVELOPMENT CORPORATION",0.0,0.0,NULL,NULL,0
"KIMBALL SCHOOL  ","302 W 18Th St",NULL,"PUBLIC AGENCY","PTA CALIFORNIA CONGRESS OF PARENTS TEACHERS & STUDENTS INC",0.0,0.0,NULL,NULL,0
"3020 Childrens Way","3020 Childrens Way","92123","Commercial","RADY CHILDRENS HOSPITAL-SAN DIEGO",3968117737.0,1741094069.0,NULL,NULL,0
"Albert Einstein Charter Academy","3035 Ash St","92102.0","School","ALBERT EINSTEIN ACADEMIES",38292916.0,23073138.0,NULL,NULL,0
"OMNIBUS ENTERPRISES  ","3035 E 8Th St",NULL,"REAL ESTATE&DEVELOPE","FRIENDSHIP MISSIONS INTERNATIONAL INC",573881.0,20400.0,NULL,NULL,0
"ROSSI LYDIA DBA STAR GRAPHICS ","3038 E Mission Rd",NULL,"PRINTERS - GRAPHICS","AMERICAN VOLUNTEER GROUP-FLYING TIGERS ASSOCIATION INC",0.0,0.0,NULL,NULL,0
"Grace Evangelical Methodist Church","3040 Fairmount Ave","92105.0","ReligiousStructure_C","HEALTHY SOLUTIONS FOR PARENTS & CAREGIVERS",674108.0,1875028.0,NULL,NULL,0
"CITY OF OCEANSIDE HISTORIC SOCIETY ","305 N Nevada St",NULL,"PUBLIC AGENCY","OCEANSIDE HISTORICAL SOCIETY INC",68232.0,59750.0,NULL,NULL,0
"Calvary Lutheran Church","3060 54Th St","92105.0","ReligiousStructure_C","LUTHERAN BORDER CONCERNS MINISTRY",52361.0,186243.0,NULL,NULL,0
"3085 Beyer Blvd","3085 Beyer Blvd","92154-3479","Warehouse","COMUNIDAD SIERVOS DE CRISTO VIVO",0.0,79091.0,NULL,NULL,0
"Solana Beach School District Office","309 N Rios Ave","92075.0","GovernmentFacility","SOLANA BEACH SCHOOLS FOUNDATION",574203.0,914275.0,NULL,NULL,0
"NORTH COUNTY LASER CAFE INC DBA STUDIO MED SPA THE ","310 S Twin Oaks Valley Rd",NULL,"DOCTOR/OSTEOPA/CHIRO","DIASPORA BURJI COMMUNITY ORGANIZATION",11580.0,0.0,NULL,NULL,0
"THE FRENCH CHILANGO LLC","310 Third Ave","91910.0","Liquor","POWERMENTOR",15690.0,63552.0,NULL,NULL,0
"EXCEPTIONAL FINANCIAL SOLUTIONS DBA EXCEPTIONAL MORTGAGE SOLUTIONS","311 E Main St",NULL,"REAL ESTATE&DEVELOPE","DARY HUMAN ORGANIZATION",1.0,NULL,NULL,NULL,0
"MAXIM HEALTHCARE SERVICES, INC.","3111 Camino Del Rio N","92108.0","Home Health Agency","COMMUNITY HOUSING WORKS",138945129.0,18484067.0,NULL,NULL,1
"BISHOP FOUNDATION RESIDENTIAL CARE FACILITY, THE","3111 L St","92102.0","ADULT RESIDENTIAL","THE BISHOP FOUNDATION INC",0.0,0.0,"BISHOP, SABRINA","(619) 867-6308",0
"SPRING VALLEY SCHOOL DISTRICT HIGHLANDS ELEMENTARY SCHOOL ","3131 S Barcelona St",NULL,"PUBLIC AGENCY","PTA CALIFORNIA CONGRESS OF PARENTS TEACHERS & STUDENTS INC",0.0,0.0,NULL,NULL,0
"BELLO PROJECTS LLC","3139 University Ave","92104.0","Liquor","ART PRODUCE",60217.0,114730.0,NULL,NULL,0
"SAN DIEGO UNIFIED PORT DISTRICT","3165 Pacific Hwy","92101.0","GovernmentFacility","WORLD TRADE CENTER SAN DIEGO INC",0.0,0.0,NULL,NULL,0
"HUGHES JOHNNY NORTH COUNTY MMA&ULTIMATE FITNESS","319 E Valley Pkwy",NULL,"FITNESS CENTER","NATIVE YOUTH FOUNDATION INC",20002.0,115136.0,NULL,NULL,0
"San Diego Children's Discovery Museum","320 N Broadway","92025.0","Museum","SAN DIEGO CHILDRENS DISCOVERY MUSEUM",2746472.0,2282161.0,NULL,NULL,0
"First Baptist Church of Clairemont","3219 Clairemont Mesa Blvd","92117.0","ReligiousStructure_C","BRIGHT BEGINNINGS LEARNING ACADEMY",63358.0,785316.0,NULL,NULL,0
"NATIONAL SCHOOL DISTRICT IRA HARBISON ELEMENTARY SCHOOL ","3235 E 8Th St",NULL,"PUBLIC AGENCY","PTA CALIFORNIA CONGRESS OF PARENTS TEACHERS & STUDENTS INC",0.0,0.0,NULL,NULL,0
"TMA BLUETECH  ","325 W Washington St",NULL,"MISC PROFESSIONAL","CHEF DE CUISINE ASSOCIATION OF SAN DIEGO EDUCATION FOUNDATION INC",0.0,0.0,"ATTN MICHAEL JONES",NULL,0
"COSENTINO DONNA D DBA PHOTOGRAPHERS EYE THE A CREATIVE COLLECTIVE","326 E Grand Ave",NULL,"COLLECTION","PHOTOGRAPHERS EYE",46856.0,62996.0,NULL,NULL,0
"ARAB COMMUNITY CENTER OF SAN DIEGO MAJDAL","329 E Main St",NULL,"MISCELLANEOUS ASSOC","MAJDAL COMMUNITY CENTER",0.0,0.0,NULL,NULL,1
"ANZAR ENTERPRISES INC DBA MONTE DE PIEDAD ","329 E San Ysidro Blvd",NULL,"PAWN BROKER","FUNDACION MONTE DE PIEDAD A CALIFORNIA NONPROFIT PUBLIC BENEFI",1033.0,NULL,"ATTN FRANCISCO ANZAR",NULL,0
"STAR REPERTORY THEATRE  ","329 E Valley Pkwy",NULL,"THEATRE","STAR REPERTORY THEATRE",50569.0,264858.0,NULL,NULL,0
"Christ United Methodist Church (Hiaitian Methodist Mission)","3295 Meade Ave","92104.0","ReligiousStructure_C","CHRIST UNITED METHODIST MINISTRY CENTER",954771.0,626932.0,NULL,NULL,0
"University City Post Office","3298 Governor Dr","92122.0","PostOffice","UNIVERSITY CITY PARKS COUNCIL",84298.0,32880.0,NULL,NULL,0
"OCEANSIDE PUBLIC LIBRARY  ","330 N Coast Hwy",NULL,"PUBLIC AGENCY","FRIENDS OF THE OCEANSIDE PUBLIC LIBRARY",231045.0,186845.0,NULL,NULL,0
"San Diego Central","330 Park Blvd","92101.0","Library","SAN DIEGO PUBLIC LIBRARY FOUNDATION",10779427.0,2833665.0,NULL,NULL,0
"Champou Ruckha Vanaram","3303 45Th St","92105.0","ReligiousStructure_B","CHAMPOU RUCKHA VANARAM",508382.0,0.0,NULL,NULL,0
"Pauma Valley Air Park","33129 Cole Grade Rd","92061.0","Airport","RANCHO PAUMA MUTUAL WATER COMPANY",4783940.0,2179613.0,NULL,NULL,0
"Carlsbad Musalla / North County Islamic Foundation","3320 Monroe St","92008.0","ReligiousStructure_M","CALIFORNIA FEDERATION OF WOMENS CLUBS",391275.0,204821.0,NULL,NULL,0
"AMERICAN LEGION POST 258","3328 Alpine Blvd","91901.0","Liquor","ALPINE AMERICAN LEGION POST 258",8256.0,233136.0,NULL,NULL,0
"THETA IOTA CORPORATION OF ALPHA OMICRON PI INC ","333 S Twin Oaks Valley Rd",NULL,"MISCELLANEOUS ASSOC","PSI CHI THE NATIONAL HONOR SOCIETY IN PSYCHOLOGY",0.0,0.0,NULL,NULL,0
"Mission Estancia","3330 Calle Barcelona","92009.0","School","PTA CALIFORNIA CONGRESS OF PARENTS TEACHERS & STUDENTS INC",131962.0,115682.0,NULL,NULL,0
"Afghan Community Islamic Center","3333 Sandrock Rd","92123.0","ReligiousStructure_M","AFGHAN COMMUNITY ISLAMIC CENTER INC",2172433.0,152811.0,NULL,NULL,1
"SAIKO INC","334 W Washington St","92103.0","Liquor","SAN DIEGO VINE CHURCH",0.0,0.0,NULL,NULL,0
"Vietnamese Buddhist Congregation of the US Nhu Lai Meditation Temple","3340 Central Ave","92105.0","ReligiousStructure_B","VIETNAMESE BUDDHIST CONGREGATION OF THE UNITED STATES NHU LAI",6503244.0,1882213.0,NULL,NULL,0
"3350 E St","3350 E St","92102-3332","Manufacturing","NATIONAL AIDS FOUNDATION",1.0,NULL,NULL,NULL,0
"VA San Diego ","3350 La Jolla Village Dr","92161.0","Hospital","PARALYZED VETERANS OF AMERICA",1222848.0,437911.0,NULL,NULL,0
"HANNA FENICHEL CENTER FOR CHILD DEVELOPMENT ","336 N Acacia Ave",NULL,"MISC SCHOOL","HANNA FENICHEL NURSERY SCHOOL",4518898.0,1097988.0,NULL,NULL,0
"Normal Heights Masonic Temple Association","3366 Adams Ave","92116.0","CommunityCenter","NORMAL HEIGHTS MASONIC TEMPLE ASSOCIATION",512079.0,211216.0,NULL,NULL,1
"CRAIN RAYMOND&HARRIET DBA MISSION REALTY ","337 E Mission Rd",NULL,"REAL ESTATE&DEVELOPE","NORTH COUNTRY CERT",0.0,0.0,NULL,NULL,0
"PORT OF SAN DIEGO HARBOR POLICE DEPT ","3380 N Harbor Dr",NULL,"PUBLIC AGENCY","SAN DIEGO HARBOR POLICE FOUNDATION",228101.0,200123.0,NULL,NULL,0
"CALIFORNIA CENTER FOR THE ARTS ESCONDIDO CLASSICAL ACADEMY HIGH","340 N Escondido Blvd",NULL,"THEATRE","A STEP BEYOND",2536373.0,1433739.0,"SCHOOL/LSE",NULL,0
"Fallbrook Community Center","341 Heald Ln","92028.0","CommunityCenter","FRIENDS OF THE FALLBROOK COMMUNITY CENTER",0.0,0.0,NULL,NULL,1
"LIVING FOR TODAY","3472 El Rancho Grande","91902.0","AdultDayCare","LIVING FOR TODAY INC",22000.0,22000.0,NULL,NULL,0
"LARRY E BENNETT POST 255 THE AMERICAN LEGION DEPARTMENT OF CALIFORNIA INC","35 E 18Th St",NULL,"CLUBS - SOCIAL/SERVI","AMERICAN LEGION AUXILIARY",0.0,0.0,NULL,NULL,0
"Solano Highlands Park","3520 Long Run Dr","92130.0","Park","PTA CALIFORNIA CONGRESS OF PARENTS TEACHERS & STUDENTS INC",18581.0,27553.0,NULL,NULL,0
"Sisters of the Social Services Los Angeles","3525 3Rd Ave","92103.0","ReligiousStructure","CAMP OLIVER INC",119595.0,27343.0,NULL,NULL,1
"Waldorf","3547 Altadena Ave","92105.0","School","ASSOCIATION FOR WALDORF EDUCATION IN SAN DIEGO",5291296.0,6394957.0,NULL,NULL,0
"CLASSICAL ACADEMY INC THE  ","355 E Grand Ave",NULL,"MISC SCHOOL","CLASSICAL ACADEMY INCORPORATED",153773770.0,79386823.0,NULL,NULL,0
"General Atomics HQ","3550 General Atomics Ct","92121.0","MajorEmployer","GENERAL ATOMICS SCIENCES EDUCATION FOUNDATION",105133.0,NULL,NULL,NULL,0
"EL MUNDO DEL TANGO","3567 Del Rey St","92109.0","Liquor","CABARET PRESERVATION SOCIETY INC",1342.0,101.0,NULL,NULL,0
"Chula Vista Woman's Club","357 G St","91910.0","RecreationalFacility","CALIFORNIA FEDERATION OF WOMENS CLUBS",0.0,0.0,NULL,NULL,0
"Standley Rec Center","3585 Governor Dr","92122.0","RecreationalFacility","UNIVERSITY CITY RACQUET CLUB INC",50833.0,240770.0,NULL,NULL,0
"International Church Missions","3620 Ocean Ranch Blvd","92056.0","ReligiousStructure_C","INTERNATIONAL CHURCH MISSIONS",1202906.0,1204860.0,NULL,NULL,0
"Soille Hebrew Day School","3630 Afton Rd","92123.0","ReligiousStructure_J","SOILLE SAN DIEGO HEBREW DAY SCHOOL",4296334.0,4331695.0,NULL,NULL,0
"MOOSE LODGE 1852","3636 Ruffin Rd","92123.0","Liquor","MOOSE INTERNATIONAL INC",839431.0,123563.0,NULL,NULL,0
"Foothills Christian Church","365 W Bradley Ave","92020.0","ReligiousStructure_C","LAST HARVEST INC",32408.0,NULL,NULL,NULL,0
"KRAMER  GARY JON","3717 India St","92103.0","Liquor","UNSCRIPTED LEARNING",66779.0,136309.0,NULL,NULL,0
"Valley Vista","3724 Valley Vista Way","91902.0","School","VALLEY VISTA ELEMENTARY SCHOOL PARENT TEACHER ORGANIZATION",0.0,0.0,NULL,NULL,0
"SEAPORT SCRIPPS HOME HEALTH","3750 Convoy St","92111.0","Home Health Agency","ITS A NGUYEN NGUYEN FOUNDATION INC",0.0,0.0,NULL,NULL,1
"O'SHUN'S ORCHARD LLC","37552 Montezuma Valley Rd","92066.0","Liquor","BESE SAKA COMMUNITY DEVELOPMENT CORPORATION",0.0,0.0,NULL,NULL,0
"United Lodge of Theosophist","3766 El Cajon Blvd","92105.0","ReligiousStructure","SAN DIEGO THEOSOPHISTS INC",51108.0,90077.0,NULL,NULL,0
"CAMIRO  GONZALO P","3784 Mission Ave","92058.0","Liquor","FIRST MARINE DIVISION ASSOCIATION INC",134332.0,157966.0,NULL,NULL,0
"Silver Gate Masonic Temple Corp","3795 Utah St","92104.0","CommunityCenter","SILVER GATE THREE STARS MASONIC HALL ASSOCIATION",1329259.0,111006.0,NULL,NULL,1
"EAGLES LODGE SAN DIEGO AERIE 244","3848 Centre St","92103.0","Liquor","FRATERNAL ORDER OF EAGLES",314639.0,355381.0,NULL,NULL,0
"Spreckels John D Masonic Temple Assn","3858 Front St","92103.0","CommunityCenter","JOHN D SPRECKELS MASONIC TEMPLE ASSN",0.0,0.0,NULL,NULL,1
"3870 Murphy Canyon Rd","3870 Murphy Canyon Rd","92123-4446","Office","SAN DIEGO EYE BANK",5293904.0,6393656.0,NULL,NULL,0
"Chinese Friendhip Association Buddhist Temple","3876 50Th St","92105.0","ReligiousStructure_B","CHINESE FRIENDSHIP ASSOCIATION INC",185093.0,23779.0,NULL,NULL,0
"Pastoral Center","3888 Paducah Dr","92117-5349","Religious Facility","GUADALUPE PLAZA DEVELOPMENT CORPORATION",10707153.0,234851.0,NULL,NULL,0
"Point Loma Nazarene University Point Loma","3900 Lomaland Dr","92106.0","HigherEducationFacility","POINT LOMA NAZARENE UNIVERSITY FOUNDATION",108584097.0,4807116.0,NULL,NULL,0
"3910 University Ave","3910 University Ave","92105-7302","Office","HEALTH SCIENCES HIGH SCHOOL AND MIDDLE COLLEGE",9590045.0,11005065.0,NULL,NULL,0
"ENGINEERING DESIGN CONSULTANTS INC DBA END E CON","3911 N Cordoba Ave",NULL,"REAL ESTATE&DEVELOPE","PHATCAMP INC",0.0,0.0,NULL,NULL,0
"CITY BEST HOSPICE CARE","3914 Murphy Canyon Rd","92123.0","Hospice","ARTS & SOCIAL TRANSFORMATION INC",0.0,0.0,NULL,NULL,0
"South Bay United Pentecostal Church","395 D St","91910.0","ReligiousStructure_C","CHRISTIAN SERVICE TRAINING INSTITUTE",0.0,0.0,NULL,NULL,0
"The Summit at Point Loma - tp65","3950 Leland St","92106","Multifamily Residence","INFORMATION SYSTEMS SECURITY ASSOCIATION",0.0,0.0,NULL,NULL,0
"KRK GROUP LLC DBA KUMON ","3960 W Point Loma Blvd",NULL,"MISC SCHOOL","ANIMAL PROTECTION AND RESCUE LEAGUE INC",0.0,0.0,NULL,NULL,0
"COUNTY OF SAN DIEGO-COM/DEV","3989 Ruffin Rd","92123.0","GovernmentFacility","SOUTHERN CALIFORNIA CHAPTER OF THE NAHRO",0.0,0.0,NULL,NULL,0
"San Diego Rock Church","4001 El Cajon Blvd","92105.0","ReligiousStructure_C","CITY HEIGHTS COMMUNITY DEVELOPMENT CORPORATION",4852873.0,4573231.0,NULL,NULL,0
"TRI-CITY MEDICAL CENTER","4002 Vista Way","92056.0","Hospital","TRI-CITY HOSPITAL FOUNDATION",10242472.0,5506247.0,NULL,NULL,0
"Point Loma Nazarene University - Mission Valley","4007 Camino Del Rio S","92108.0","HigherEducationFacility","SAN DIEGO EDUCATION CONSORTIUM",0.0,0.0,NULL,NULL,0
"Boys & Girls Clubs of Oceanside","401 Country Club Ln","92054.0","RecreationalFacility","BOYS & GIRLS CLUB OF OCEANSIDE CALIFORNIA INCORPORATED",3902062.0,3073169.0,NULL,NULL,0
"POINSETTIA CENTER FOR THE ARTS DBA STAR THEATRE COMPANY ","402 N Coast Hwy",NULL,"MISCELLANEOUS ASSOC","POINSETTIA CENTER FOR THE ARTS",808475.0,601900.0,"ATTN PAUL FRIEDMAN",NULL,0
"WRIGHT LESTRANGE&ERGASTOLO  ","402 W Broadway",NULL,"ATTORNEY","ECOLOGICAL LIFE SYSTEMS INSTITUTE INCORPORATED",1280027.0,1539603.0,NULL,NULL,0
"404 Euclid Ave","404 Euclid Ave","92114","Office","COMMUNITY WRAPAROUND",77641.0,859577.0,NULL,NULL,0
"CHALDEAN COMMUNITY COUNCIL  ","405 E Lexington Ave",NULL,"MISCELLANEOUS ASSOC","CHALDEAN RADIO INC",312794.0,692862.0,NULL,NULL,1
"Southern Indian Health Council","4058 Willows Rd","91901.0","Medical","SOUTHERN INDIAN HEALTH COUNCIL",30401060.0,30103555.0,NULL,NULL,1
"LA MAESTRA COMMUNITY HEALTH CENTERS - MOBILE CLINIC","4060 Fairmount Ave","92105.0","Community Clinic","COMMUNITY HEALTH IMAGING CENTERS",367053.0,1057110.0,NULL,NULL,1
"SCRIPPS MERCY HOSPITAL","4077 Fifth Avenue","92103.0","General Acute Care Hospital","THE MEDICAL STAFF OF SCRIPPS MERCY HOSPITAL",506197.0,677975.0,NULL,NULL,0
"BOYS CLUB OF VISTA INC DBA BOYS&GIRLS CLUB OF VISTA ","410 W California Ave",NULL,"CLUBS - SOCIAL/SERVI","BOYS AND GIRLS CLUB OF VISTA FOUNDATION INC",6134258.0,584846.0,NULL,NULL,0
"Fairmont Community Church (Haitian Community Church/ Revival Community Church)","4100 Fairmount Ave","92105.0","ReligiousStructure_C","INTERNATIONAL CHRISTIAN UNITED POLICE CHAPLAIN",0.0,0.0,NULL,NULL,1
"San Diego Unified School District (office)","4100 Normal St","92103.0","MajorEmployer","SAN DIEGO UNIFIED SCHOOL DISTRICT COMMUNITY SERVICE ASSOCIATION",62021.0,89105.0,NULL,NULL,0
"Kensington Park","4121 Adams Ave","92116.0","Park","KENSINGTON TALMADGE BUSINESS ASSOCIATION",0.0,0.0,NULL,NULL,0
"Lawrence Family Jewish Community Center","4126 Executive Dr","92037.0","ReligiousStructure_J","LAWRENCE FAMILY JEWISH COMMUNITY CENTERS OF SAN DIEGO COUNTY",19084308.0,13709349.0,NULL,NULL,1
"CHALDEAN AMERICAN ASSOCIATION INC","414 N Magnolia Ave","92020.0","Liquor","CHALDEAN LEAGUE INC",0.0,0.0,NULL,NULL,0
"Nu Way International Christian Ministries (Apostolic Assembly)","4166 National Ave","92113.0","ReligiousStructure_C","NU-WAY OPERATION BLACK HISTORY IS LEARNING DEVELOPMENT",0.0,0.0,NULL,NULL,0
"St Marks United Methodist Church in Clairemont","4167 Rappahannock Ave","92117.0","ReligiousStructure_C","COMMUNITY CHRISTIAN SERVICE AGENCY INC",390844.0,1041348.0,NULL,NULL,0
"Masjid Al Huda [Huda Community Center]","4175 Bonillo Dr","92115.0","ReligiousStructure_M","HUDA COMMUNITY CENTER",733529.0,143301.0,NULL,NULL,1
"TALKING BIBLES INTERNATIONAL  ","419 E Grand Ave",NULL,"RELIGIOUS ORGANIZATI","TALKING BIBLES INTERNATIONAL",881084.0,2665698.0,NULL,NULL,0
"Crawford","4191 Colts Way","92115.0","School","WILL C CRAWFORD HIGH SCHOOL FOUNDATION INC",0.0,0.0,NULL,NULL,0
"MCDOUGLE PAMELA J NUTRITIONIST ","420 S Broadway",NULL,"DOCTOR/OSTEOPA/CHIRO","SAN DIEGO AG IN THE CLASSROOM",0.0,0.0,NULL,NULL,0
"Highwood Park","4200 Parks Ave","91941.0","Park","PTA CALIFORNIA CONGRESS OF PARENTS TEACHERS & STUDENTS INC",9818.0,39398.0,NULL,NULL,0
"ESCONDIDO FIRE STATION #2  ","421 N Midway Dr",NULL,"PUBLIC AGENCY","STACHE-TOBER FEST",2457.0,79737.0,NULL,NULL,0
"POLICE SUBSTATION-NORTHERN","4275 Eastgate Mall",NULL,"PDSTAT","NORTHERN COMMUNITY PARTNERSHIP INC",0.0,0.0,"Police",NULL,0
"MOOSA ROY DBA SUN REALTY ","431 S Main Ave",NULL,"REAL ESTATE&DEVELOPE","FALLBROOK FILM FACTORY",0.0,0.0,NULL,NULL,0
"Good Samaritan Episcopal Church","4321 Eastgate Mall","92121.0","ReligiousStructure_C","BURUNDI FRIENDS INTERNATIONAL",43400.0,0.0,NULL,NULL,0
"Phat Da Buddhist Congregation","4333 30Th St","92104.0","ReligiousStructure_B","PHAT DA BUDDHIST CONGREGATION INC",754290.0,229582.0,NULL,NULL,0
"GRAND & STRAND LLC","4343 Ocean Blvd","92109.0","Liquor","SHORE CLUB FOUNDATION",0.0,0.0,NULL,NULL,0
"Peterson Office Building","4355 Ruffin Rd","92123-4306","Office","SAN DIEGO IMPERIAL COUNTIES DEVELOPMENTAL SERVICES INC",151306213.0,820842529.0,NULL,NULL,0
"PALM CARE PHARMACY MANAGEMENT LLC ","436 S Magnolia Ave",NULL,"PHARMACY","HELP YOU",22786.0,0.0,NULL,NULL,0
"VFW MISSION VALLEY POST 3787","4370 Twain Ave","92120.0","Liquor","VETERANS OF FOREIGN WARS DEPARTMENT OF CALIFORNIA",0.0,0.0,NULL,NULL,0
"NATIONAL CHURCH RESIDENCES OF SAN DIEGO CALIFORNIA DBA VISTA LANE COURTS","440 S Vista Ave",NULL,"LOW INCOME HOUSING","NATIONAL CHURCH RESIDENCES",2392050.0,779874.0,NULL,NULL,0
"Vietnamese Buddhist Nuns (Quan Am Monastery)","4406 47Th St","92115.0","ReligiousStructure_B","QUAN AM MONASTERY INC",48709.0,29389.0,NULL,NULL,0
"The Leichtag Foundation","441 Saxony Rd","92024.0","ReligiousStructure_J","IMPACT CUBED",2068986.0,3119447.0,NULL,NULL,0
"San Diego Taiwanese Presbyterian Church (Shelter Church)","4426 Harbinson Ave","91942.0","ReligiousStructure_C","MILITARY OUTREACH MISSION - SAN DIEGO",161717.0,4285252.0,NULL,NULL,0
"ELKS CLUB OCEANSIDE 1561","444 Country Club Ln","92054.0","Liquor","BENEVOLENT & PROTECTIVE ORDER OF ELKS OF THE USA",1216858.0,525727.0,NULL,NULL,0
"Quality Inn SeaWorld Zoo Area","445 Hotel Cir S","92108.0","Motel","SWASHRYA FOUNDATION",471338.0,92850.0,NULL,NULL,0
"Nativity Prep","4463 College Ave","92115.0","School","NATIVITY PREP ACADEMY OF SAN DIEGO",9358843.0,3176824.0,NULL,NULL,0
"YOUTH TENNIS SAN DIEGO DBA BARNES TENNIS CENTER ","4490 W Point Loma Blvd",NULL,"MISCELLANEOUS ASSOC","YOUTH TENNIS SAN DIEGO",8054189.0,7215638.0,NULL,NULL,0
"WISDOMWORKS DBA WISDOM WORKS CHRISTIAN PRESCHOOL","450 N Pierce St",NULL,"PRE-SCHOOL/CHILDCARE","WISDOMWORKS",190961.0,490269.0,"ATTN HOLLY",NULL,0
"MENTIS HEALTHCARE ASSOCIATES INC ","450 S Melrose Dr",NULL,"MISC PROFESSIONAL","STAR DEVELOPMENTAL SERVICES INC",163136.0,663668.0,NULL,NULL,1
"CENTER FOR COMMUNITY SOLUTIONS (TRUST DEED)","4508 Mission Bay Dr",NULL,"NONCITYTD","CENTER FOR COMMUNITY SOLUTIONS",6585388.0,5967427.0,"Real Estate",NULL,1
"SOUTH BAY FAMILY YMCA - CLEAR VIEW ELEMENTARY","455 Windrose Way","91910.0","ChildDayCare","PTA CALIFORNIA CONGRESS OF PARENTS TEACHERS & STUDENTS INC",0.0,0.0,NULL,NULL,0
"4555 Executive Dr","4555 Executive Dr","92037","Office","SCRIPPS HEALTH",9124382316.0,4869465543.0,NULL,NULL,0
"East Clairemont Southern Baptist Church","4633 Doliva Dr","92117.0","ReligiousStructure_C","COASTAL CHRISTIAN MINISTRIES INC",93696.0,859112.0,NULL,NULL,0
"SAN DIEGO MUSICAL THEATRE","4650 Mercury St","92111.0","Liquor","SAN DIEGO MUSICAL THEATRE",58325.0,1522916.0,NULL,NULL,0
"CARMEL VALLEY PIZZA LLC","4653 Carmel Mountain Rd","92130.0","Liquor","DIALYSIS WITHOUT BORDERS INC",0.0,0.0,NULL,NULL,0
"Korean Hope Church","4665 Mercury St","92111.0","ReligiousStructure_C","HNM HOPE NEWS MISSION",0.0,0.0,NULL,NULL,0
"First United Methodist Church","4690 Palm Ave","91941.0","ReligiousStructure_C","LA MESA FIRST UNITED METHODIST FOUNDATION",821853.0,205064.0,NULL,NULL,0
"La Mesa Masonic Building Association","4731 Date Ave","91941.0","CommunityCenter","SONS OF NORWAY",0.0,0.0,NULL,NULL,1
"Dynamic Church Planting International","4755 Oceanside Blvd","92056.0","ReligiousStructure","AMERICAN ITALIAN CLUB OF VISTA",0.0,0.0,NULL,NULL,0
"Alsunnah Mosque","4760 Federal Blvd","92102.0","ReligiousStructure_M","ISLAH ACADEMY",0.0,0.0,NULL,NULL,0
"Empresa","4850 Avenida Empresa","92056.0","School","PTA CALIFORNIA CONGRESS OF PARENTS TEACHERS & STUDENTS INC",70411.0,165508.0,NULL,NULL,0
"CITY OF SAN DIEGO-ENVIRONMENTAL SVC","4950 Murphy Canyon Rd","92123.0","GovernmentFacility","BUTTERFLY PROJECT",229984.0,345751.0,NULL,NULL,1
"Arbor View Room (La Mesa Community Center / Services)","4975 Memorial Dr","91942.0","CommunityCenter","LA MESA PARK AND RECREATION FOUNDATION",843327.0,246805.0,NULL,NULL,1
"WISE DIGITAL PARTNERS LLC  ","500 W Harbor Dr",NULL,"MISC PROFESSIONAL","HERITAGE BAND SOCIETY",0.0,0.0,"C/O DANIEL FORDE",NULL,0
"HODAD'S INC","5010 Newport Ave","92107.0","Liquor","HODADS FOUNDATION",24447.0,10806.0,NULL,NULL,0
"SGKC4 APARTMENTS LP DBA KOLL CENTER ","505 W Broadway",NULL,"APARTMENTS","ASCENDTIALS",0.0,0.0,NULL,NULL,0
"Branch Campus Church","5050 Conrad Ave","92117.0","ReligiousStructure_C","CONRAD AVENUE ARTS FOUNDATION",0.0,0.0,NULL,NULL,0
"Mount Erie Baptist Church","511 S 47Th St","92113.0","ReligiousStructure_C","MT ERIE CHRISTIAN ACADEMY INC",153564.0,389784.0,NULL,NULL,0
"RESERVOIR CHURCH  ","515 W Valley Pkwy",NULL,"RELIGIOUS ORGANIZATI","VETERANS OF FOREIGN WARS DEPARTMENT OF CALIFORNIA",0.0,0.0,NULL,NULL,0
"NORTH AMERICAN PRODUCTION SHARING INC ","517 S Cedros Ave",NULL,"MISCELLANEOUS AGENCY","MAASAI ACCESS TO EDUCATION INC",0.0,0.0,NULL,NULL,0
"BAYPOINT PREPARATORY ACADEMY  ","520 E Carmel St",NULL,"MISCELLANEOUS ASSOC","BAYPOINT PREPARATORY ACADEMY",11313901.0,4103959.0,NULL,NULL,0
"Rancho Carlsbad Golf Course","5200 El Camino Real","92010.0","GolfCourse","RANCHO CARLSBAD RECREATION CLUB",9752.0,114.0,NULL,NULL,0
"American Language Institute","5250 Campanile Dr","92115.0","HigherEducationFacility","SAN DIEGO STATE UNIVERSITY FOUNDATION",298714165.0,226239172.0,NULL,NULL,0
"Ramona Church of Christ","530 11Th St","92065.0","ReligiousStructure_C","VISION INTERNATIONAL EDUCATION SERVICE",1073192.0,107200.0,NULL,NULL,0
"LINKSOUL LLC DBA LINKSOUL LAB ","530 S Coast Hwy",NULL,"MISC PROFESSIONAL","HILL STREET COUNTRY CLUB",0.0,0.0,NULL,NULL,0
"G.I.A. Facility (Gemological Institute)","5345 Armada Dr","92008.0","BusinessCenter","GEMOLOGICAL INSTITUTE OF AMERICA INC",724023528.0,274436083.0,NULL,NULL,0
"Bird Rock Park","5371 La Jolla Hermosa Ave","92037.0","Park","BIRD ROCK FOUNDATION INC",1073883.0,409770.0,NULL,NULL,0
"Wesley United Methodist Church","5380 El Cajon Blvd","92115.0","ReligiousStructure_C","WESLEY DEVELOPMENTS",383158.0,147704.0,NULL,NULL,0
"JOHN G YPHANTIDES APLC  ","539 W Grand Ave",NULL,"ATTORNEY","THE NATIONAL CENTER FOR LAW & POLICY",511807.0,554732.0,NULL,NULL,0
"FITNESS SYSTEMS LLC DBA MEDICAL FITNESS SOLUTIONS ","543 E Alvarado St",NULL,"FITNESS CENTER","SEEDS OF HOPE CHILDRENS OUTREACH",36130.0,98489.0,NULL,NULL,0
"A.A.O.N.M.S. AL BAHR TEMPLE","5440 Kearny Mesa Rd","92111.0","Liquor","SHRINERS INTERNATIONAL",0.0,0.0,NULL,NULL,0
"INTERFAITH COMMUNITY SERVICES SEE 7194376000 ","550 W Washington Ave",NULL,"RELIGIOUS ORGANIZATI","INTERFAITH COMMUNITY SERVICES INC",56635775.0,35068603.0,NULL,NULL,1
"OGGIS PIZZA & BREWING COMPANY","5500 Campanile Dr","92115.0","Liquor","ASSOCIATED STUDENTS OF SAN DIEGO STATE UNIVERSITY",41905019.0,44689352.0,NULL,NULL,0
"AVID BEHAVIORAL DAY PROGRAM ","562 W Grand Ave",NULL,"MISC PROFESSIONAL","AVID BEHAVIORAL DAY PROGRAM CORP",2195698.0,3549384.0,NULL,NULL,0
"DANSBIERE LLC","5621 Palmer Way","92010.0","Liquor","ARMED FORCES MOBILE CHARITIES",0.0,0.0,NULL,NULL,0
"AMERICAN NATIONAL MANAGEMENT INC ","565 N Magnolia Ave",NULL,"REAL ESTATE&DEVELOPE","EAST COUNTY POSSE",135518.0,132100.0,NULL,NULL,0
"La Jolla Masonic Lodge","5655 La Jolla Blvd","92037.0","CommunityCenter","LA JOLLA MASONIC TEMPLE ASSOC",0.0,0.0,NULL,NULL,1
"CITY OF SAN DIEGO SENIOR CENTER ","570 S 65Th St",NULL,"PUBLIC AGENCY","FOURTH DISTRICT SENIORS RESOURCE CENTER",60170.0,148758.0,NULL,NULL,0
"SDSU Hillel","5717 Lindo Paseo","92115.0","ReligiousStructure_J","HILLEL THE FOUNDATION FOR JEWISH CAMPUS LIFE",25644339.0,2985306.0,NULL,NULL,0
"QUALCOMM","5775 Morehouse Dr","92121.0","Building","QUALCOMM SKI & SNOWBOARD CLUB",0.0,0.0,NULL,NULL,0
"BORREGO SPRINGS CHILDREN'S CENTER","580 Circle J Drive","92004.0","ChildDayCare","BORREGO SPRINGS YOUTH & SENIOR CENTER INC",411074.0,383592.0,NULL,NULL,0
"KENDALL'S CAFÃ‰  INC","587 Palm Canyon Dr","92004.0","Liquor","BORREGO COMMUNITY HEALTH FOUNDATION",5164046.0,79030428.0,NULL,NULL,0
"CHP San Diego Area Office","5902 Kearny Villa Rd","92123.0","PoliceStation","645 SQUAD CLUB",13806.0,51540.0,NULL,NULL,0
"Won Buddhism San Diego Temple","5950 Corte Playa Pacifica","92124.0","ReligiousStructure_B","WON BUDDHISM SAN DIEGO TEMPLE",0.0,0.0,NULL,NULL,0
"ALLIANCE HEALTH CLINIC, INC.","5952 El Cajon Blvd","92115.0","Community Clinic","ALLIANCE FOR AFRICAN ASSISTANCE",10045545.0,10837415.0,NULL,NULL,1
"ESTD 2022  INC","5965 Village Way","92130.0","Liquor","LEARNING TO IMPACT INC",1312279.0,1763144.0,NULL,NULL,0
"Franciscan School of Theology","5998 Alcala Park","92110.0","HigherEducationFacility","UNIVERSITY OF SAN DIEGO",1822962770.0,622209265.0,NULL,NULL,0
"VISTA UNIFIED SCHOOL DISTRICT DBA VISTA ACADEMY OF NEW& PERFORMING ARTS","600 N Santa Fe Ave",NULL,"PUBLIC AGENCY","VISTA ACADEMY FOUNDATION",94560.0,82821.0,NULL,NULL,0
"ATIICO INC  ","600 W Broadway",NULL,"SERVICE","NOVUM ORGANUM RESEARCH INC",0.0,0.0,NULL,NULL,0
"Rancho Santa Fe Historical Society","6036 La Flecha","92067.0","Museum","RANCHO SANTA FE HISTORICAL SOCIETY INC",1615276.0,252229.0,NULL,NULL,0
"6055 Lusk Blvd","6055 Lusk Blvd","92121","Office","SAN DIEGO ENTREPRENEURS EXCHANGE",65662.0,50751.0,NULL,NULL,0
"The Warwick","606 Washington St","92103-2234","Multifamily Residence","BEHAVIORAL MEDICINE INSTITUTE",0.0,0.0,NULL,NULL,0
"ROLLER DERBY 360 LLC","6060 Federal Blvd","92114.0","Liquor","ROLL OUT INC",0.0,0.0,NULL,NULL,0
"GREEN DRAGON TAVERN  INC.","6115 Paseo Del Norte","92011.0","Liquor","GREEN DRAGON TAVERN HISTORICAL FOUNDATION OF CALIFORNIA",1.0,0.0,NULL,NULL,0
"Masjid Bilal","6125 Imperial Ave","92114.0","ReligiousStructure_M","AFRICAN AMERICAN WELLNESS CENTER FOR CHILDREN & FAMILIES",146753.0,180993.0,NULL,NULL,0
"ALL KIDS ACADEMY HEAD START INC ","620 W Madison Ave",NULL,"PRE-SCHOOL/CHILDCARE","ALL KIDS ACADEMY HEAD START INC",13990023.0,18802604.0,NULL,NULL,0
"JOHN A OTIS SCHOOL  ","621 E 18Th St",NULL,"PUBLIC AGENCY","PTA CALIFORNIA CONGRESS OF PARENTS TEACHERS & STUDENTS INC",0.0,0.0,NULL,NULL,0
"HOLLANDIA DAIRY INC  ","622 E Mission Rd",NULL,"DAIRY-WHOLESALE ONLY","AMERICAN LOGISTICS ASSN",0.0,0.0,"ATTN AMI PATEL",NULL,0
"Carlsbad Adult Trans","6225 El Camino Real","92009.0","School","PTA CALIFORNIA CONGRESS OF PARENTS TEACHERS & STUDENTS INC",0.0,0.0,NULL,NULL,0
"St James Church & Academy","625 S Nardo Ave","92075.0","ReligiousStructure_C","ORDER OF MALTA CLINIC OF SAN DIEGO INC",165894.0,198203.0,NULL,NULL,0
"BAYCITY BREWING COMPANY  LLC","627 8Th Ave","92101.0","Liquor","ROBLEY FOUNDATION",3876603.0,NULL,NULL,NULL,0
"Encanto Village","6315 Imperial Ave","92114","Multifamily Residence","SAN DIEGO BLACK BUSINESS NETWORK",0.0,0.0,NULL,NULL,0
"Vietnamese Buddhist Meditation Congregation","6326 Camino Del Rey","92003.0","ReligiousStructure_B","VIETNANESE BUDDHIST MEDITATION CONGREGATION INC",9161110.0,5723304.0,NULL,NULL,0
"Martin L. King, Jr. Memorial Rec Center","6401 Skyline Dr","92114.0","RecreationalFacility","MOUNTAIN VIEW SPORTS & RACQUET CLUB",280250.0,48083.0,NULL,NULL,0
"New Faith Baptist Church (Iglesia Dos Habla Hoy CDR Ministerio)","6409 Imperial Ave","92114.0","ReligiousStructure_C","YOUNIQUE PRAISE APOSTOLIC CHURCH",0.0,0.0,NULL,NULL,0
"ECOVIVARIUM  ","641 E Pennsylvania Ave",NULL,"MISCELLANEOUS ASSOC","ECOVIVARIUM",178602.0,294999.0,NULL,NULL,0
"6469 Flanders Dr","6469 Flanders Dr","92121-4104","Commercial","AROMA FOUNDATION",8536841.0,NULL,NULL,NULL,0
"Gardner","647 E Street","91910.0","School","HOWARD GARDER COMMUNITY CHARTER SCHOOL",2891255.0,3535083.0,NULL,NULL,0
"Chabad Alef Center / Alef Hebrew School","649 Sandy Ln","92078.0","ReligiousStructure_J","ALEF HEBREW SCHOOL",0.0,0.0,NULL,NULL,0
"MILLENNIUM HOUSING CORPORATION DBA PALOMAR ESTATES EAST ","650 S Rancho Santa Fe Rd",NULL,"MOBILE HOME PARK","PALOMAR ESTATES EAST RESIDENTS ASSOCIATION",0.0,0.0,NULL,NULL,1
"SAN MARCOS UNIFIED DISTRICT SAN MARCOS MIDDLE SCHOOL ","650 W Mission Rd",NULL,"PUBLIC AGENCY","SAN MARCOS MIDDLE SCHOOL PARENT CLUB",15058.0,27420.0,NULL,NULL,0
"6545 Sequence Dr","6545 Sequence Dr","92121-4363","Commercial","SAN DIEGO COUNTY CREDIT UNION",9165817993.0,423032905.0,NULL,NULL,0
"French-American","6550 Soledad Mountain Rd","92037.0","School","SAN DIEGO FRENCH-AMERICAN SCHOOL",42891406.0,11226212.0,NULL,NULL,0
"Village Mission Valley #555","6555 Ambrosia Dr","92124","Multifamily Residence","VETERANS OF HOPE INC",0.0,0.0,NULL,NULL,0
"FLEET RESERVE ASSN CLUB 289","659 Silver Strand Blvd","91932.0","Liquor","FLEET RESERVE ASSOC BRANCH 289 INC IMPERIAL BEACH",185944.0,167677.0,NULL,NULL,0
"Paloma","660 Camino Magnifico","92069.0","School","PALOMA SCHOOL PARENT TEACHER ORGANIZATION",215133.0,172781.0,NULL,NULL,0
"MERIDIAN SOUTHERN BAPTIST CHURCH ","660 S 3Rd St",NULL,"RELIGIOUS ORGANIZATI","SONSHINE HAVEN INC",217188.0,247111.0,NULL,NULL,0
"SAN YSIDRO COMMUNITY CENTER CITY OF SAN DIEGO ","663 E San Ysidro Blvd",NULL,"PUBLIC AGENCY","SAN YSIDRO IMPROVEMENT CORPORATION",67052.0,91997.0,NULL,NULL,1
"MICHAEL'S IN BORREGO","665 Palm Canyon Dr","91950.0","Liquor","BORREGO ART INSTITUTE",1632276.0,497958.0,NULL,NULL,0
"Trinitarians of Mary (Monastery of our Lady of Guadalupe)","6702 Del Cerro Blvd","92120.0","ReligiousStructure_C","FRIENDS OF THE TRINITARIANS",1234756.0,231046.0,NULL,NULL,0
"Revere School","6735 Gifford Way","92111.0","School","VAPA FOUNDATION",655322.0,1099338.0,NULL,NULL,0
"6755 Mira Mesa Blvd","6755 Mira Mesa Blvd","92121-4392","Commercial","SUMMIT IMPACT A NONPROFIT CORPORATION",1455155.0,124138.0,NULL,NULL,0
"HEARTBEAT MUSIC PERFORMING ARTS ACADEMY-INFANTS","6785 Imperial Ave","92114.0","ChildDayCare","HEARTBEAT MUSIC ACADEMY INC",0.0,0.0,NULL,NULL,0
"FLORENCE RIFORD SR CTR","6811 La Jolla Blvd",NULL,"CMTYCTR","LA JOLLA ART ASSOCIATION",0.0,0.0,"Real Estate",NULL,0
"True Vine Missionary Baptist Church of San Diego","6860 Madrone Ave","92114.0","ReligiousStructure_C","SAN DIEGO COMMUNITY CHURCHES COLLABORATIVE INC",0.0,0.0,NULL,NULL,0
"VFW ENCANTO POST 1512","6873 Federal Blvd","91945.0","Liquor","VETERANS OF FOREIGN WARS POST 1512 FOUNDATION",184.0,200.0,NULL,NULL,0
"LINDA VISTA HEALTH CARE CENTER","6973 Linda Vista Rd","92111.0","Medical","SAN DIEGO FAMILY CARE",24195641.0,36078177.0,NULL,NULL,1
"Coronado Police","700 Orange Ave","92118.0","PoliceStation","LT FRANK GREENE MEMORIAL FOUNDATION",40166.0,33878.0,NULL,NULL,0
"CUTP  LP","700 Prospect St","92037.0","Liquor","MUSEUM OF CONTEMPORARY ART SAN DIEGO",156207542.0,15331814.0,NULL,NULL,0
"Linda Vista Rec Center","7064 Levant St","92111.0","RecreationalFacility","LINDA VISTA RECREATION COUNCIL",0.0,0.0,NULL,NULL,0
"RANCHO TED REAL ESTATE LOAN&INVESTMENT ","710 W Ivy St",NULL,"REAL ESTATE&DEVELOPE","HISTORIC LINCOLN HEIGHTS INDUSTRIAL ZONE ECONOMIC DEVELOPMENT CORP",16186.0,122528.0,NULL,NULL,0
"SMITH PAUL J DBA FARMERS INSURANCE GROUP ","720 N Broadway",NULL,"INSURANCE BROKER","ESCONDIDO CHAMBER OF COMMERCE",509926.0,248988.0,NULL,NULL,0
"SOLUTIONS FAMILY CENTER LP  ","722 W California Ave",NULL,"LOW INCOME HOUSING","SOLUTIONS FOR CHANGE INC",8188113.0,3864532.0,NULL,NULL,0
"AMERICAN LEGION LINDA VISTA POST 731","7245 Linda Vista Rd","92111.0","Liquor","AMERICAN LEGION",87807.0,157269.0,NULL,NULL,0
"San Diego Mesa College","7250 Mesa College Dr","92111.0","HigherEducationFacility","SAN DIEGO MET HIGH SCHOOL FOUNDATION",0.0,0.0,NULL,NULL,0
"MARCELLUS KARLTON DBA SOUTHWEST TRAVEL ","727 E San Ysidro Blvd",NULL,"SPECIALTY STORE-SOFT","BORDER FUSION INSTITUTE INC",0.0,0.0,NULL,NULL,0
"JOSLYN SENIOR CENTER DBA DOROTHY E BOEGER BLDG SEE 7194569590","728 N Broadway",NULL,"PUBLIC AGENCY","SENIOR SERVICE COUNCIL ESCONDIDO",1572573.0,209593.0,NULL,NULL,0
"Young Israel of San Diego","7289 Navajo Rd","92119.0","ReligiousStructure_J","NATIONAL COUNCIL OF YOUNG ISRAEL",19363.0,220612.0,NULL,NULL,0
"MACIAS CONSULTING SERVICES LLC DBA COORDINATED FLEET SERVICES ","730 W 19Th St",NULL,"MISCELLANEOUS AGENCY","BEZSAM INC",628666.0,15089413.0,NULL,NULL,0
"La Jolla Country Club","7301 High Ave","92037.0","GolfCourse","LA JOLLA COUNTRY CLUB INC",22197618.0,15600370.0,NULL,NULL,0
"Business Center of La Mesa","7317 El Cajon Blvd","91942.0","BusinessCenter","GATEWAY TO GROWTH",24004.0,46539.0,NULL,NULL,0
"GLC-(CA) CSD 1 LLC  ","7350 W Lilac Rd",NULL,"ELECTRICITY GENERATI","SULLIVAN MIDDLE PTO",0.0,0.0,"C/O ARMANINO LLP",NULL,0
"FELLOWSHIP CENTER INC THE DBA ROBINSON HALL SEE 7141940000","737 E Grand Ave",NULL,"MISCELLANEOUS ASSOC","FELLOWSHIP CENTER",2206103.0,449228.0,NULL,NULL,0
"FELICITA SCHOOL  ","737 W 13Th Ave",NULL,"PUBLIC AGENCY","PTA CALIFORNIA CONGRESS OF PARENTS TEACHERS & STUDENTS INC",0.0,0.0,NULL,NULL,0
"ELKS LODGE 168 SAN DIEGO","7430 Jackson Dr","92119.0","Liquor","BENEVOLENT & PROTECTIVE ORDER OF ELKS OF THE USA",3505814.0,708472.0,NULL,NULL,0
"WHITE SANDS LA JOLLA","7450 Olivetas Ave","92037.0","AdultDayCare","INTERPERSONAL COMMUNICATION SERVICES INC",0.0,0.0,NULL,NULL,0
"CAJON VALLEY SCHOOL DISTRICT EDUCATION CENTER ANNEX ","750 E Main St",NULL,"PUBLIC AGENCY","PTA CALIFORNIA CONGRESS OF PARENTS TEACHERS & STUDENTS INC",0.0,0.0,NULL,NULL,0
"WOMENS CLUB OF ESCONDIDO  ","751 N Rose St",NULL,"CLUBS - SOCIAL/SERVI","WOMANS CLUB OF ESCONDIDO",297110.0,180611.0,NULL,NULL,0
"LA JOLLA/RIFORD BRANCH LIBRARY","7555 Draper Ave",NULL,"LIB","FRIENDS OF LA JOLLA BRANCH LIBRARY",1587925.0,274214.0,"Library",NULL,0
"GCIUFFA INC","7600 Fay Ave","92037.0","Liquor","LA JOLLA MUSIC SOCIETY",85263101.0,6319482.0,NULL,NULL,0
"C3 Church San Diego","7620 Balboa Ave","92111.0","ReligiousStructure_C","C3 CHURCH AMERICAS INC",176050.0,536265.0,NULL,NULL,0
"Fletcher","7666 Bobolink Way","92123.0","School","PTA CALIFORNIA CONGRESS OF PARENTS TEACHERS & STUDENTS INC",0.0,0.0,NULL,NULL,0
"Centro Cristiano Luz Y Salvacion","767 Anita St","91911.0","ReligiousStructure","FIELD CHRISTIAN COMMUNITY CHURCH",14239.0,69979.0,NULL,NULL,0
"RADIANT HOSPICE","7675 Dagget St","92111.0","Hospice","PACIFIC ARTS MOVEMENT",631791.0,1473054.0,NULL,NULL,0
"7710 Balboa Ave","7710 Balboa Ave","92111-2261","Office","INTERNATIONAL FOUNDATION FOR RURAL HEALTHCARE INC",22897.0,15000.0,NULL,NULL,0
"COMMUNITY REFORMED CHURCH OF ESCONDIDO DBA INFUSION CHURCH","777 W Felicita Ave",NULL,"RELIGIOUS ORGANIZATI","CHRISTIAN ANTI-DEFAMATION LEAGUE CADL INC",0.0,0.0,NULL,NULL,1
"HUANG  JIANYA LI","7770 Regents Rd","92122.0","Liquor","OPENROAD INITIATIVE INC",41750.0,0.0,NULL,NULL,0
"ARNOLD BETCHER POST 3788  VETERANS OF FOREIGN WARS","7785 Othello Ave","92111.0","Liquor","VETERANS OF FOREIGN WARS DEPARTMENT OF CALIFORNIA",32979.0,196880.0,NULL,NULL,0
"AMERICAN LEGION ALBERT J HICKMAN PT","7815 Armour St","92111.0","Liquor","AMERICAN LEGION RIDERS CHAPTER 460",0.0,0.0,NULL,NULL,0
"East San Diego Masonic Temple","7849 Tommy Dr","92119.0","CommunityCenter","EAST SAN DIEGO MASONIC TEMPLE CORP",1275193.0,214542.0,NULL,NULL,1
"El Camino Creek","7885 Paseo Aliso","92009.0","School","PTA CALIFORNIA CONGRESS OF PARENTS TEACHERS & STUDENTS INC",201544.0,107785.0,NULL,NULL,0
"Lemon Grove Post Office","7938 Broadway","91945.0","PostOffice","REVITALIZE BROADWAY",0.0,0.0,NULL,NULL,0
"LINK CENTER, THE","7944 Golden Ave","91945.0","AdultDayCare","DEVELOPMENTAL SERVICES CONTINUUM INC",4847385.0,5090976.0,NULL,NULL,0
"San Diego Interfaith Housing Foundation","7956 Lester Ave","91945.0","ReligiousStructure","INTERFAITH HOUSING ASSISTANCE CORP",2785847.0,1988729.0,NULL,NULL,1
"CHALDEAN CATHOLIC DIOCESE OF ST PETER THE APOSTLE ","799 E Washington Ave",NULL,"RELIGIOUS ORGANIZATI","PATRIOT LEGACY EDUCATION FOUNDATION",35994.0,108812.0,"ATTN SARHAD JAMMO",NULL,0
"Carlsbad Senior Center","799 Pine Ave","92008.0","CommunityCenter","CARLSBAD SENIOR CITIZENS ASSOCIATION 75",0.0,0.0,NULL,NULL,1
"Olivenhain Pioneer","8000 Calle Acervo","92009.0","School","PTA CALIFORNIA CONGRESS OF PARENTS TEACHERS & STUDENTS INC",38208.0,174540.0,NULL,NULL,0
"GLEASON DAVID DBA BP BATTERY ","805 E Mission Rd",NULL,"AUTO PARTS-RETAIL","GREEN OAK RANCH",2244930.0,NULL,NULL,NULL,0
"Metropolitan Corrections Center","808 Union St","92101.0","CorrectionalInstitution","AMERICAN FEDERATION OF GOVERNMENT EMPLOYEES",0.0,0.0,NULL,NULL,0
"LA MESA POST NO. 282  THE AMERICAN LEGION  DEPARTM","8118 University Ave","91942.0","Liquor","AMERICAN LEGION",35623.0,305885.0,NULL,NULL,0
"Main Branch San Diego Post Office","815 E St","92101.0","PostOffice","LIVING WELL WITH DIABETES",0.0,0.0,NULL,NULL,0
"SANTALUZ CLUB INC THE","8170 Caminito Santaluz E","92127.0","Liquor","SANTALUZ COMMUNITY COUNCIL",435156.0,505537.0,NULL,NULL,0
"KIDCARE EXPRESS","823 Gateway Center Way","92102.0","Community Clinic","FAMILY HEALTH CENTERS OF SAN DIEGO INC",672993249.0,436375423.0,NULL,NULL,1
"LEUCADIA CLUB  THE","828 N Coast Highway 101","92024.0","Liquor","LEUCADIA CLUB",21521.0,128311.0,NULL,NULL,0
"ASPIRE PACIFIC CORP DBA ASPIRE REALTY&MORTGAGE ","835 E 8Th St",NULL,"REAL ESTATE&DEVELOPE","ASINGAN ASSOCIATION OF CALIFORNIA SAN DIEGO COUNTY",0.0,0.0,"ATTN RAFAEL DUQUEZ",NULL,0
"Mesa Verde","8375 Entreken Way","92129.0","School","PTA CALIFORNIA CONGRESS OF PARENTS TEACHERS & STUDENTS INC",0.0,0.0,NULL,NULL,0
"STRAIGHT FROM THE HEART RESOURCE CENTER ","839 W San Marcos Blvd",NULL,"MISC PROFESSIONAL","STRAIGHT FROM THE HEART INC",123167.0,91260.0,NULL,NULL,0
"SODEXHO MANAGEMENT INC  ","84 E J St",NULL,"CAFE","PTA CALIFORNIA CONGRESS OF PARENTS TEACHERS & STUDENTS INC",0.0,0.0,"C/O INTERNATIONAL APPRAISAL CO",NULL,0
"VFW BERT FULLER POST 9578","844 Tavern Rd","91901.0","Liquor","BERT FULLER POST 9578 VFW",253668.0,564291.0,NULL,NULL,0
"RELIC BAGERI LLC","845 15Th St","92101.0","Liquor","NEW DAY COMMUNITY CHURCH",5000.0,NULL,NULL,NULL,0
"CASA DE MANANA","849 Coast Blvd","92037.0","RESIDENTIAL CARE ELDERLY","CASA DE MANANA CLUB",92745.0,325398.0,"MARIVEL JOHNSON","(858) 456-4268",0
"EXCELLENCE&JUSTICE INC EDUCATION ELEMENTARY ACADEMY DBA EJE ACADEMY","851 S Johnson Ave",NULL,"MISC SCHOOL","EJE ACADEMIES",43716920.0,17103486.0,NULL,NULL,1
"AMERICAN LEGION POST 552","853 Turquoise St","92109.0","Liquor","AMERICAN LEGION",0.0,0.0,NULL,NULL,0
"OPERATION HOPE NORTH COUNTY  ","859 E Vista Way",NULL,"MISCELLANEOUS ASSOC","OPERATION HOPE NORTH COUNTY INC",1937898.0,1158085.0,NULL,NULL,0
"St James Lutheran Church","866 Imperial Beach Blvd","91932.0","ReligiousStructure_C","ST JAMES LUTHERAN DEVELOPMENTS INC",14466731.0,386497.0,NULL,NULL,0
"RALPHS GROCERY COMPANY","8677 Villa La Jolla Dr","92037.0","Liquor","TANTUM FOUNDATION INC",0.0,0.0,NULL,NULL,0
"Sharp Healthcare HQ","8695 Spectrum Center Blvd","92123.0","MajorEmployer","SHARP HEALTHCARE",6073527629.0,1758705575.0,NULL,NULL,1
"CAMERON BROS CONSTRUCTION CO DBA CAMERONS MOBILE ESTATES ","8712 N Magnolia Ave",NULL,"MOBILE HOME PARK","DREAM BIG TAKE BIG ACTION",0.0,0.0,NULL,NULL,0
"SAN DIEGO COUNTRY CLUB INC","88 L St","91911.0","Liquor","SAN DIEGO COUNTRY CLUB INC",13392144.0,8335936.0,NULL,NULL,0
"Pentacostal Church","880 Canarios Ct","91910.0","ReligiousStructure_C","PACIFIC SOUTHWEST ASSOCIATION OF REALTORS INC",5962554.0,3433861.0,NULL,NULL,0
"Grossmont College","8800 Grossmont College Dr","92020.0","HigherEducationFacility","FOUNDATION FOR GROSSMONT AND CUYAMACA COLLEGES",53265736.0,56261379.0,NULL,NULL,0
"Jewish Family Service (FJS) Headquarters","8804 Balboa Ave","92123.0","ReligiousStructure_J","JEWISH FAMILY SERVICE OF SAN DIEGO",103390382.0,116334969.0,NULL,NULL,0
"SNOOZETOWN LLC","8861 Villa La Jolla Dr","92037.0","Liquor","MUSTARD SEED PROJECT",0.0,0.0,NULL,NULL,0
"8885 Rio San Diego Dr","8885 Rio San Diego Dr","92108-1624","Office","SAN DIEGO ENVIRONMENTAL FILM FESTIVAL",0.0,0.0,NULL,NULL,0
"SAM & ROSE STEIN EDUCATION CENTER","8910 Clairemont Mesa Blvd","92123.0","AdultDayCare","VISTA HILL FOUNDATION",45950262.0,39641533.0,NULL,NULL,0
"Southwestern College","900 Otay Lakes Rd","91910.0","HigherEducationFacility","SOUTHWESTERN COMMUNITY COLLEGE DISTRICT ADMINISTRATORS ASSOCIATIO",0.0,0.0,NULL,NULL,0
"Cuyamaca College","900 Rancho San Diego Pkwy","92019.0","HigherEducationFacility","SAN DIEGO AND IMPERIAL COUNTIES COMMUNITY COLLEGE FOUNDATION",0.0,0.0,NULL,NULL,0
"Briercrest Park","9001 Wakarusa St","91942.0","Park","GROSSMONT HEALTHCARE DISTRICT FOUNDATION",0.0,0.0,NULL,NULL,0
"CHULA VISTA ELKS LODGE  NO.2011 OF THE BENEVOLENT ","901 Elks Ln","91911.0","Liquor","BENEVOLENT & PROTECTIVE ORDER OF ELKS OF THE USA",1336043.0,406884.0,NULL,NULL,0
"Lemon Grove Moose Lodge","9050 Memory Ln","91977.0","CommunityCenter","SPRING VALLEY HISTORICAL SOCIETY",0.0,0.0,NULL,NULL,1
"Mira Mesa Post Office","9051 Mira Mesa Blvd","92126.0","PostOffice","AMERICAN INDUSTRIAL HYGIENE ASSOCIATION",0.0,0.0,NULL,NULL,0
"ROSE SCHOOL  ","906 N Rose St",NULL,"PUBLIC AGENCY","PTA CALIFORNIA CONGRESS OF PARENTS TEACHERS & STUDENTS INC",0.0,0.0,NULL,NULL,0
"MOOSE LODGE LEMON GROVE 1713","9062 Memory Ln","91977.0","Liquor","LEMON GROVE CHAPTER NO 2267 WOMEN OF THE MOOSE",0.0,0.0,NULL,NULL,0
"HARRIS  CAROLYN ANN","910 Gem Ln","92065.0","Liquor","RAMONA VALLEY WINERY ASSOCIATION",0.0,0.0,NULL,NULL,0
"PULSEWORKS LLC USS MIDWAY FLIGHT SIMULATOR ","910 N Harbor Dr",NULL,"AMUSEMENT CENTER","MIDWAY FOUNDATION INC",9707470.0,6312919.0,"C/O TREASURER",NULL,0
"Sycuan Tennis Resort","910 Willow Glen Dr","92019.0","RecreationalFacility","KUMEYAAY COMMUNITY COLLEGE INC",91902.0,67061.0,NULL,NULL,0
"GILPIN BRAD DBA HIDDEN TREASURES ","913 S Main Ave",NULL,"MISC SCHOOL","HIDDEN TREASURES",28099.0,346046.0,NULL,NULL,0
"COUNTY OF SAN DIEGO-APCD","9150 Chesapeake Dr","92123.0","GovernmentFacility","GLOBAL DATA AND POLICY INSTITUTE",1.0,NULL,NULL,NULL,0
"FAA-SOUTHERN CALIF TRACON","9175 Kearny Villa Rd","92126.0","GovernmentFacility","NATIONAL AIR TRAFFIC CONTROLLERS ASSOCIATION",61383.0,69399.0,NULL,NULL,0
"Californa Coast Credit Union","9201 Spectrum Center Blvd","92123","Financial Office","ORANGE WAVE FOUNDATION",0.0,0.0,NULL,NULL,0
"NATIONAL CITY HISTORIC DEPOT  ","922 W 23Rd St",NULL,"PUBLIC AGENCY","SAN DIEGO ELECTRIC RAILWAY ASSOCIATION",1316048.0,1018256.0,NULL,NULL,0
"JANET'S CAFE & DELI LLC","9225 Carlton Hills Blvd","92071.0","Liquor","ELEV8 ARTS FOUNDATION INC",0.0,0.0,NULL,NULL,0
"REGIONAL OCCUPATION PROGRAM  ","924 E Main St",NULL,"PUBLIC AGENCY","SAN DIEGO COUNTY OUTDOOR EDUCATION ASSOCIATION INC",0.0,0.0,NULL,NULL,0
"OCEANSIDE CHAMBER OF COMMERCE  ","928 N Coast Hwy",NULL,"MISC PROFESSIONAL","OCEANSIDE CHAMBER OF COMMERCE",2298272.0,781025.0,NULL,NULL,0
"HARRISON PHOTOGRAPHIC  ","930 W Ivy St",NULL,"COMMERCIAL","ADVERTISING PHOTOGRAPHERS OF AMERICA SAN DIEGO",0.0,0.0,NULL,NULL,0
"UCSD HEALTH LA JOLLA - JACOBS MEDICAL CENTER","9300 Campus Point Dr","92037.0","Hospital","CLINICAL SOCIETY OF GENITOURINARY",0.0,0.0,NULL,NULL,1
"EAGLES LODGE 3973","9317 Shadow Hill Rd","92071.0","Liquor","FRATERNAL ORDER OF EAGLES",651905.0,251680.0,NULL,NULL,0
"Mesa View Plaza","9350 Waxie Way","92123-1015","Office","PACIFIC RIDGE NEIGHBORHOOD HOMEOWNERS ASSOCIATION",920090.0,490692.0,NULL,NULL,0
"Black Mtn Multi-Purpose Gym","9353 Oviedo St","92126.0","RecreationalFacility","PTA CALIFORNIA CONGRESS OF PARENTS TEACHERS & STUDENTS INC",0.0,0.0,NULL,NULL,0
"Jack In the Box Innovation Center","9357 Spectrum Center Blvd","92123-1444","Office","JACK IN THE BOX FOUNDATION",4087048.0,3829109.0,NULL,NULL,0
"ALANO CLUB OF EL CAJON  ","938 E Washington Ave",NULL,"MISC PROFESSIONAL","ALANO CLUB OF EL CAJON",563665.0,107732.0,NULL,NULL,0
"National University - Spectrum","9388 Lightwave Ave","92123.0","HigherEducationFacility","JOHN F KENNEDY UNIVERSITY",0.0,0.0,NULL,NULL,0
"MISSION MIDDLE SCHOOL  ","939 E Mission Ave",NULL,"PUBLIC AGENCY","PTA CALIFORNIA CONGRESS OF PARENTS TEACHERS & STUDENTS INC",0.0,0.0,NULL,NULL,0
"PolyPeptide Laboratories San Diego","9395 Cabot Dr","92126-4310","Manufacturing/ Industrial/ Lab","PEPTIDE THERAPEUTICS FOUNDATION",335263.0,174477.0,NULL,NULL,0
"9420 Athena Cir","9420 Athena Cir","92037","Medical Office","LA JOLLA IMMUNOLOGY CONFERENCE",221881.0,131727.0,NULL,NULL,0
"IMPERIAL BEACH HEALTH CENTER","949 Palm Ave","91932.0","Community Clinic","IMPERIAL BEACH COMMUNITY CLINIC",10751291.0,15625712.0,NULL,NULL,1
"Church of His Kingdom","950 Garland Dr","92154.0","ReligiousStructure_C","GRUPO DE UNIDAD CRISTIANA",123897.0,NULL,NULL,NULL,0
"Preuss","9500 Gilman Drive","92093.0","School","ASSOCIATION OF STUDENT PHARMACISTS AT UCSD SSPPS",0.0,0.0,NULL,NULL,0
"San Diego Swim School","9550 Carmel Mountain Rd","92129.0","RecreationalFacility","NORTH COUNTY CONFERENCE",0.0,0.0,NULL,NULL,0
"Christian Life Center of San Diego","9617 Campo Rd","91977.0","ReligiousStructure_C","GRIDIRON MINISTRIES INC",0.0,0.0,NULL,NULL,0
"New Beginning Community Church","9625 Black Mountain Rd","92126.0","ReligiousStructure_C","SALAM COMMUNITY SERVICES",24267.0,64814.0,NULL,NULL,1
"Marshall Mid","9700 Avenue Of Nations","92131.0","School","MARSHALL MUSTANG ORGANIZATION",107142.0,70390.0,NULL,NULL,0
"Chula Vista Hills","980 Buena Vista Way","91910.0","School","PTA CALIFORNIA CONGRESS OF PARENTS TEACHERS & STUDENTS INC",31049.0,32745.0,NULL,NULL,0
"ESCONDIDO UNION SCHOOL DISTRICT PIONEER SCHOOL ","980 N Ash St",NULL,"PUBLIC AGENCY","PTA CALIFORNIA CONGRESS OF PARENTS TEACHERS & STUDENTS INC",0.0,0.0,NULL,NULL,0
"New Apostolic Church of Jesus Christ","981 Vale Terrace Dr","92084.0","ReligiousStructure_C","COMMUNITY INTERFACE SERVICES",6731007.0,11137024.0,NULL,NULL,0
"Jacobs & Cushman San Diego Food Bank","9850 Distribution Ave","92121-2320","Non-Refrigerated Warehouse","JACOBS & CUSHMAN SAN DIEGO FOOD BANK",116264697.0,110322332.0,NULL,NULL,0
"BEHIND THE SCENES INC","9888 Waples St","92121.0","Liquor","CONFRERIE DE-LA-CHAINE DES ROTISSEURS LTD",319.0,-196.0,NULL,NULL,0
"Inova Diagnostics Inc.","9900 Old Grove Rd","92131-1638","Manufacturing/ Industrial/ Lab","TOASTMASTERS INTERNATIONAL",0.0,0.0,NULL,NULL,0
"Lakeside Historical Society","9906 Maine Ave","92040.0","Museum","LAKESIDE HISTORICAL SOCIETY",411693.0,46056.0,NULL,NULL,0
"GROSSMONT UNION HIGH SCHOOL DIST SANTANA HIGH SCHOOL ","9915 N Magnolia Ave",NULL,"PUBLIC AGENCY","PTA CALIFORNIA CONGRESS OF PARENTS TEACHERS & STUDENTS INC",0.0,0.0,NULL,NULL,0
"GRAVITY HEIGHTS SORRENTO VALLEY LP-SHIP","9920 Pacific Heights Blvd","92121.0","Liquor","HOTEP HENNY",0.0,0.0,NULL,NULL,0
"9990 Alesmith Ct","9990 Alesmith Ct","92126-4200","Manufacturing/ Industrial/ Lab","ANVIL OF HOPE",29148.0,70120.0,NULL,NULL,0
